crop,district,area_2018,area_2024,area_chg_pct,prod_2018,prod_2024,prod_chg_pct
粮食,于洪区,20636.0,18937.0,-8.233184725722042,171191.0,156029.0,-8.856774012652535
粮食,康平县,81401.0,88963.0,9.289812164469712,561730.0,649333.0,15.595214782902822
粮食,新民市,160000.0,160909.0,0.5681250000000082,1019327.0,1113998.0,9.287598582201785
粮食,沈北新区,27000.0,29958.0,10.955555555555563,205572.0,237275.0,15.421847333294414
粮食,法库县,105155.0,110689.0,5.26270743188626,578726.0,772781.0,33.53141210175454
粮食,浑南区,21748.0,22068.0,1.4713996689350806,158517.0,191852.0,21.029290233855047
粮食,苏家屯区,34185.0,36178.0,5.830042416264436,317642.0,317099.0,-0.1709471669363638
粮食,辽中区,81823.0,64912.0,-20.66778289722938,561979.0,461925.0,-17.80386811606839
谷物,于洪区,19998.0,18493.0,-7.525752575257528,168182.0,155560.0,-7.504964859497454
谷物,康平县,72260.0,84483.0,16.915305840022143,521755.0,634331.0,21.576410384184143
谷物,新民市,155134.0,156042.0,0.5853004499336123,991878.0,1102009.0,11.103280847039665
谷物,沈北新区,26363.0,29258.0,10.981299548609801,202113.0,235588.0,16.56251700781246
谷物,法库县,100502.0,105535.0,5.007860540088749,563627.0,757043.0,34.31631202905467
谷物,浑南区,20687.0,21071.0,1.8562382172378822,154149.0,189317.0,22.8142900699972
谷物,苏家屯区,33754.0,35663.0,5.655625999881497,315807.0,315782.0,-0.007916227316051572
谷物,辽中区,80089.0,63804.0,-20.333628837917818,552178.0,459754.0,-16.738080836252077
稻谷,于洪区,9392.0,6912.0,-26.405451448040886,90380.0,61766.0,-31.659659216640847
稻谷,康平县,3409.0,1581.0,-53.62276327368729,23374.0,8819.0,-62.27004363823051
稻谷,新民市,37103.0,36240.0,-2.325957469746387,295347.0,226111.0,-23.44225605812823
稻谷,沈北新区,12279.0,13888.0,13.103672937535627,110500.0,107021.0,-3.148416289592759
稻谷,法库县,2894.0,4515.0,56.01243953006221,27031.0,26988.0,-0.15907661573748566
稻谷,浑南区,351.0,113.0,-67.80626780626781,2106.0,792.0,-62.39316239316239
稻谷,苏家屯区,8532.0,5161.0,-39.51007969995312,84252.0,41638.0,-50.57921473674216
稻谷,辽中区,35970.0,35133.0,-2.326939115929938,274091.0,248873.0,-9.200593963318749
玉米,于洪区,10409.0,11533.0,10.798347583821698,76793.0,93540.0,21.807977289596714
玉米,康平县,61993.0,82220.0,32.62787734099011,481444.0,623463.0,29.498550194830543
玉米,新民市,116835.0,119553.0,2.326357683913205,690374.0,874621.0,26.687998099580803
玉米,沈北新区,14084.0,15301.0,8.64101107639874,91613.0,128294.0,40.03907742350976
玉米,法库县,96998.0,100275.0,3.378420173611829,532231.0,726375.0,36.4773942141664
玉米,浑南区,20336.0,20958.0,3.0586152635719843,152043.0,188525.0,23.994527863827987
玉米,苏家屯区,25222.0,30395.0,20.50987233367696,231555.0,273343.0,18.04668437304313
玉米,辽中区,44069.0,28666.0,-34.95200707980667,277842.0,210862.0,-24.107226409254178
豆类,于洪区,259.0,394.0,52.12355212355213,631.0,321.0,-49.128367670364504
豆类,康平县,3320.0,1701.0,-48.765060240963855,8002.0,3448.0,-56.91077230692328
豆类,新民市,1376.0,3520.0,155.8139534883721,3288.0,6262.0,90.45012165450122
豆类,沈北新区,374.0,661.0,76.7379679144385,1544.0,1503.0,-2.6554404145077704
豆类,法库县,2941.0,3390.0,15.266916014960907,5398.0,7903.0,46.40607632456466
豆类,浑南区,299.0,521.0,74.24749163879598,938.0,1686.0,79.74413646055436
豆类,苏家屯区,326.0,442.0,35.58282208588957,1201.0,951.0,-20.815986677768528
豆类,辽中区,901.0,747.0,-17.09211986681465,2431.0,852.0,-64.95269436445908
大豆,于洪区,259.0,394.0,52.12355212355213,631.0,321.0,-49.128367670364504
大豆,康平县,3050.0,1607.0,-47.31147540983607,5857.0,3255.0,-44.42547379204371
大豆,新民市,1376.0,3507.0,154.86918604651163,3288.0,6242.0,89.84184914841849
大豆,沈北新区,371.0,661.0,78.16711590296497,1533.0,1503.0,-1.9569471624266144
大豆,法库县,2913.0,3360.0,15.345005149330593,5352.0,7848.0,46.63677130044843
大豆,浑南区,299.0,521.0,74.24749163879598,938.0,1686.0,79.74413646055436
大豆,苏家屯区,326.0,442.0,35.58282208588957,1201.0,951.0,-20.815986677768528
大豆,辽中区,901.0,747.0,-17.09211986681465,2431.0,852.0,-64.95269436445908
蔬菜及食用菌,于洪区,2482.0,2124.0,-14.423851732473814,168930.0,125472.0,-25.725448410584264
蔬菜及食用菌,康平县,4663.0,5705.0,22.34612910143685,284922.0,410903.0,44.21596085946329
蔬菜及食用菌,新民市,26804.0,30115.0,12.352633935233538,1541905.0,1819394.0,17.996504324196373
蔬菜及食用菌,沈北新区,2342.0,2407.0,2.7754056362083723,147520.0,163955.0,11.140862255965288
蔬菜及食用菌,法库县,6948.0,7838.0,12.809441565918256,219149.0,285355.0,30.210496055195325
蔬菜及食用菌,浑南区,495.0,641.0,29.494949494949484,31865.0,38925.0,22.15597050054918
蔬菜及食用菌,苏家屯区,4427.0,4658.0,5.217980573751979,217672.0,275341.0,26.493531552059977
蔬菜及食用菌,辽中区,10184.0,10513.0,3.2305577376276595,846230.0,891677.0,5.370525743592158
瓜果,于洪区,157.0,75.0,-52.22929936305732,8419.0,2707.0,-67.84653759353843
瓜果,康平县,598.0,467.0,-21.906354515050165,30778.0,20900.0,-32.09435310936383
瓜果,新民市,10969.0,12264.0,11.805998723675803,721270.0,892133.0,23.68918712825987
瓜果,沈北新区,67.0,68.0,1.4925373134328401,3770.0,3119.0,-17.267904509283817
瓜果,法库县,278.0,299.0,7.5539568345323715,13024.0,15624.0,19.963144963144973
瓜果,浑南区,45.0,80.0,77.77777777777777,943.0,1936.0,105.30222693531282
瓜果,苏家屯区,413.0,338.0,-18.159806295399516,15286.0,16012.0,4.749443935627373
瓜果,辽中区,1562.0,209.0,-86.61971830985915,52418.0,8751.0,-83.30535312297303
甜瓜,于洪区,48.0,20.0,-58.33333333333333,2191.0,701.0,-68.00547695116386
甜瓜,康平县,299.0,143.0,-52.17391304347826,14297.0,4836.0,-66.17472196964398
甜瓜,新民市,244.0,84.0,-65.57377049180329,7775.0,1936.0,-75.09967845659165
甜瓜,沈北新区,56.0,36.0,-35.71428571428571,997.0,1486.0,49.04714142427282
甜瓜,法库县,271.0,245.0,-9.594095940959413,12643.0,12505.0,-1.0915130902475645
甜瓜,浑南区,32.0,63.0,96.875,877.0,1799.0,105.13112884834666
甜瓜,苏家屯区,350.0,245.0,-30.000000000000004,11193.0,11024.0,-1.5098722415795574
甜瓜,辽中区,1529.0,162.0,-89.404839764552,50183.0,6833.0,-86.38383516330231
