crop,lead_k,direction,effect,se,t,p_value,n,r2,fdr_p,fdr_p_within,ci_low,ci_high
土豆,-14,价格领先成交量,-0.15057240107409067,0.09209795515764095,-1.6349157895673252,0.10206670200061961,1396,0.020038972215142503,0.2294522758153464,0.34300059714070275,-0.3310843931830669,0.029939591034885582
土豆,-13,价格领先成交量,-0.14694995610036796,0.0921684837999455,-1.5943623030549936,0.11085491057563664,1397,0.019088355148944358,0.24354487929495924,0.34300059714070275,-0.3276001843482611,0.03370027214752522
土豆,-12,价格领先成交量,-0.1436825016219041,0.0920602680600686,-1.5607438979881354,0.11858418922093909,1398,0.01827718887260177,0.25663742443337567,0.34300059714070275,-0.32412062701963856,0.03675562377583036
土豆,-11,价格领先成交量,-0.14026054886917225,0.0920574079319521,-1.5236204453296296,0.12760355282700722,1399,0.01743457343899424,0.27010971036373793,0.34300059714070275,-0.32069306841579837,0.04017197067745387
土豆,-10,价格领先成交量,-0.13758858219069253,0.09213918077693439,-1.4932689983839718,0.1353667872219616,1400,0.016801004755854443,0.28241991578682635,0.34300059714070275,-0.31818137651348394,0.043004212132098874
土豆,-9,价格领先成交量,-0.13484601145624728,0.09226876214181964,-1.4614481469794212,0.1438924958249808,1401,0.016155684229390177,0.2959491048882584,0.34300059714070275,-0.31569278525421374,0.04600076234171921
土豆,-8,价格领先成交量,-0.1336493772576016,0.0923552913830737,-1.4471220355230887,0.14786274741925917,1402,0.0158800185879171,0.3019732165604589,0.34300059714070275,-0.3146657483684261,0.04736699385322288
土豆,-7,价格领先成交量,-0.13319580196372904,0.09252558852021942,-1.4395563875243231,0.14999294597083665,1403,0.015774203381771823,0.3020691273023794,0.34300059714070275,-0.31454595546335906,0.048154351535901
土豆,-6,价格领先成交量,-0.13219794394265363,0.0926822474709294,-1.4263566923549051,0.1537654078539912,1404,0.015547925882137825,0.30542444025792775,0.34300059714070275,-0.31385514898567524,0.049459261100367996
土豆,-5,价格领先成交量,-0.1318967665830983,0.09281979540822574,-1.4209982472274392,0.15531726900266868,1405,0.015495094019771338,0.3064082177603668,0.34300059714070275,-0.3138235655832208,0.05003003241702417
土豆,-4,价格领先成交量,-0.1302016128436986,0.09292160916189847,-1.4011984297091404,0.16115474375995054,1406,0.015121955070291127,0.3157761870972004,0.34300059714070275,-0.3123279668010196,0.051924741113622386
土豆,-3,价格领先成交量,-0.1273582000787153,0.09317089357253952,-1.366931186288975,0.17164687574164772,1407,0.014494079677979554,0.33185062643385227,0.34300059714070275,-0.3099731514808928,0.05525675132346217
土豆,-2,价格领先成交量,-0.12446728038371788,0.09319256960607972,-1.3355923214676317,0.18168256126632765,1408,0.01385627181835436,0.34892677329294713,0.34300059714070275,-0.3071247168116341,0.05819015604419836
土豆,-1,价格领先成交量,-0.12248909967402724,0.09324938418449616,-1.3135647033516018,0.18899273337688272,1409,0.013427383676060778,0.3535993076083612,0.34300059714070275,-0.30525789267563974,0.06027969332758523
土豆,0,同日,-0.12231389852822548,0.09347140310090736,-1.308570262887582,0.19067995945836624,1410,0.013381948392685472,0.35446915540337315,0.34300059714070275,-0.3055178486060039,0.060890051549552945
土豆,1,成交量领先价格,-0.11807135570531632,0.09329890479265474,-1.2655170601167858,0.20568603674585917,1409,0.012501413965154029,0.37049037674719976,0.34300059714070275,-0.30093720909891963,0.06479449768828696
土豆,2,成交量领先价格,-0.11171161118168846,0.09307282060451325,-1.2002602957137778,0.23003826463556443,1408,0.011196926827452325,0.40677498014825414,0.34300059714070275,-0.29413433956653445,0.07071111720315751
土豆,3,成交量领先价格,-0.10764278015935995,0.0930268855668405,-1.1571147362771574,0.24722548677609202,1407,0.010389278035956462,0.4217375950886275,0.34300059714070275,-0.2899754758703673,0.0746899155516474
土豆,4,成交量领先价格,-0.10673315338337429,0.09309863169716887,-1.1464524390708102,0.25160799568786074,1406,0.010200421265995518,0.42209747883653886,0.34300059714070275,-0.28920647150982526,0.0757401647430767
土豆,5,成交量领先价格,-0.10710515307699543,0.09319018765556142,-1.1493179246817795,0.25042490955147667,1405,0.010249856009370117,0.42209747883653886,0.34300059714070275,-0.28975792088189584,0.07554761472790496
土豆,6,成交量领先价格,-0.10352152488207075,0.09300396172121753,-1.1130872595769628,0.2656709549063736,1404,0.009579206410198049,0.4309499586764503,0.34300059714070275,-0.2858092898556571,0.07876624009151559
土豆,7,成交量领先价格,-0.09876838499614884,0.09270601588868307,-1.0653934812034762,0.28669790548172136,1403,0.008738636348020079,0.4338544936322183,0.34300059714070275,-0.28047217613796765,0.08293540614566997
土豆,8,成交量领先价格,-0.09707403482857807,0.09262804259666303,-1.0479983394583274,0.2946393719435735,1402,0.008457073546054628,0.4375007616590596,0.34300059714070275,-0.2786249983180376,0.08447692866088147
土豆,9,成交量领先价格,-0.09701246448357456,0.09277094548765048,-1.0457203381255686,0.29569016994888164,1401,0.008443750156690077,0.4375007616590596,0.34300059714070275,-0.27884351763936954,0.08481858867222039
土豆,10,成交量领先价格,-0.09791975984811502,0.09291327410334072,-1.0538834283162377,0.2919362908529928,1400,0.008593272732642099,0.4363996100379789,0.34300059714070275,-0.2800297770906628,0.08419025739443278
土豆,11,成交量领先价格,-0.09408830308421817,0.09284881185164218,-1.0133495648232582,0.3108932206569477,1399,0.007948920196695797,0.4463318514381922,0.346765515348134,-0.27607197431343683,0.08789536814500049
土豆,12,成交量领先价格,-0.08981641201899193,0.09278573135075555,-0.9679981039267905,0.3330453166423547,1398,0.0072632162931843824,0.46434202801097535,0.3558339567244785,-0.2716764454664728,0.09204362142848893
土豆,13,成交量领先价格,-0.08697506724346879,0.09287609896156244,-0.9364633981823909,0.3490346492809445,1397,0.006820852081776407,0.4797158686799712,0.3558339567244785,-0.2690122212081312,0.0950620867211936
土豆,14,成交量领先价格,-0.08587408691393754,0.09300451031808273,-0.9233324988244271,0.3558339567244785,1396,0.006648197788256649,0.4844687673713557,0.3558339567244785,-0.26816292713737966,0.0964147533095046
尖椒,-14,价格领先成交量,0.06778858584388174,0.0524834849609896,1.2916174658422217,0.1964896524162708,1396,0.015434067307577237,0.3606455645615097,0.6956136271961373,-0.03507904467965786,0.17065621636742134
尖椒,-13,价格领先成交量,0.06103609840641676,0.05326099987950856,1.1459810845552594,0.2518029787542111,1397,0.013448117584514363,0.42209747883653886,0.6956136271961373,-0.04335546135742002,0.16542765817025354
尖椒,-12,价格领先成交量,0.054846891629916704,0.0539764464143205,1.0161263898129698,0.3095692037055834,1398,0.011810769504159269,0.4463318514381922,0.6956136271961373,-0.050946943342151475,0.1606407266019849
尖椒,-11,价格领先成交量,0.0467296019417768,0.0547621517825055,0.8533193167311807,0.39348225079285004,1399,0.009921577232787304,0.5210495558444133,0.6956136271961373,-0.06060421555193398,0.15406341943548757
尖椒,-10,价格领先成交量,0.03499220749582537,0.0550482806388986,0.6356639497128805,0.5249954782279277,1400,0.007722129259141841,0.6343695361920793,0.7249937556480907,-0.07290242255641588,0.14288683754806664
尖椒,-9,价格领先成交量,0.025899280225357268,0.0559481973512359,0.46291536549005813,0.64342503325128,1401,0.006453141631398873,0.7346191324522489,0.77747191517863,-0.0837591865830651,0.13555774703377962
尖椒,-8,价格领先成交量,0.01657489948420181,0.05725142996720789,0.2895106636409864,0.772190620725127,1402,0.005545203298586765,0.8110464806766435,0.8612895385011032,-0.09563790325152566,0.12878770221992927
尖椒,-7,价格领先成交量,0.0067640382711013055,0.05862587625810728,0.11537632702190813,0.9081468419409199,1403,0.005020624677522734,0.92084819637366,0.9405806577245241,-0.10814267919478895,0.12167075573699157
尖椒,-6,价格领先成交量,-0.0019204188447911625,0.05978728312905374,-0.03212085822073309,0.9743756695368532,1404,0.004924248465472125,0.9743756695368532,0.9743756695368532,-0.11910349377773648,0.11526265608815416
尖椒,-5,价格领先成交量,-0.013085076643804462,0.06011811580158392,-0.21765613358527303,0.8276970445363121,1405,0.005312328586537962,0.8542069142901442,0.889007936724187,-0.13091658361490893,0.10474643032730002
尖椒,-4,价格领先成交量,-0.020756590121675002,0.06047491236543286,-0.3432264605238082,0.731428099797844,1406,0.005911167788839489,0.7798314299315248,0.848456595765499,-0.1392874183579234,0.09777423811457342
尖椒,-3,价格领先成交量,-0.02872109403038683,0.061658411574479856,-0.46580982702892665,0.6413516303733402,1407,0.006816673443073684,0.7346191324522489,0.77747191517863,-0.14957158071636734,0.09212939265559368
尖椒,-2,价格领先成交量,-0.03701197765458952,0.06254425649995915,-0.5917726059244736,0.5540028695430492,1408,0.008067344871555249,0.6584460334732962,0.7302765098522013,-0.15959872039450945,0.0855747650853304
尖椒,-1,价格领先成交量,-0.04543026456185059,0.06311731029173814,-0.7197750403473272,0.4716635150003544,1409,0.009658422918682685,0.5832675332510688,0.6956136271961373,-0.16914019273365735,0.07827966360995617
尖椒,0,同日,-0.04673964640204246,0.06354692151518905,-0.7355139365936192,0.4620265554801626,1410,0.00992538725561043,0.5751489528630327,0.6956136271961373,-0.171291612571813,0.07781231976772807
尖椒,1,成交量领先价格,-0.047537372661431675,0.06458650338750649,-0.736026416792014,0.4617146214140644,1409,0.008873415860291223,0.5751489528630327,0.6956136271961373,-0.1741269193009444,0.07905217397808104
尖椒,2,成交量领先价格,-0.04678423481005238,0.06619806049445486,-0.7067312011954082,0.47973353599733604,1408,0.00881235125450841,0.5870157191528584,0.6956136271961373,-0.1765324333791839,0.08296396375907912
尖椒,3,成交量领先价格,-0.048174219326634814,0.06738416428090266,-0.7149189997491423,0.4746590960250078,1407,0.009216258938934074,0.5832675332510688,0.6956136271961373,-0.18024718131720402,0.08389874266393438
尖椒,4,成交量领先价格,-0.04816596290728058,0.06732015013955678,-0.7154761658646189,0.4743148631888435,1406,0.009313152891796905,0.5832675332510688,0.6956136271961373,-0.18011345718081184,0.0837815313662507
尖椒,5,成交量领先价格,-0.05142339568376686,0.06714715529688603,-0.7658313365086314,0.4437766659059017,1405,0.010189904425405238,0.5620066346414985,0.6956136271961373,-0.1830318200656635,0.08018502869812977
尖椒,6,成交量领先价格,-0.05286821702429156,0.06757250091795654,-0.7823924866785935,0.43398394795747597,1404,0.01067144127441888,0.5593570884785246,0.6956136271961373,-0.18531031882348636,0.07957388477490324
尖椒,7,成交量领先价格,-0.05564366578977291,0.06794033124051117,-0.8190078672532868,0.41278192501836397,1403,0.011506643575914799,0.5441216284332979,0.6956136271961373,-0.1888067150211748,0.077519383441629
尖椒,8,成交量领先价格,-0.06036382070053059,0.0677002445535717,-0.8916337171096075,0.37258929165689714,1402,0.012928284150954927,0.5049107223387859,0.6956136271961373,-0.19305630002553112,0.07232865862446994
尖椒,9,成交量领先价格,-0.06614632414194133,0.06625820874188912,-0.9983113850785849,0.318128388574772,1401,0.014819444067655785,0.4522413366994308,0.6956136271961373,-0.196012413276044,0.06371976499216134
尖椒,10,成交量领先价格,-0.07091257291939759,0.06537947990865847,-1.084630422549543,0.27808537515365506,1400,0.01653921737487707,0.43132320661410656,0.6956136271961373,-0.19905635354036819,0.057231207701573
尖椒,11,成交量领先价格,-0.07686693623596523,0.06447748215174878,-1.1921516422595049,0.233201790820746,1399,0.018834582963397017,0.4074007189037128,0.6956136271961373,-0.20324280125339284,0.04950892878146239
尖椒,12,成交量领先价格,-0.07872145647040073,0.06480924199941461,-1.2146640516349778,0.224494248589731,1398,0.01966547197115709,0.39940694534369314,0.6956136271961373,-0.20574757078925338,0.04830465784845191
尖椒,13,成交量领先价格,-0.08362260603601522,0.06410592646003001,-1.3044442324400982,0.1920821621463591,1397,0.02174288879415076,0.3548014460028289,0.6956136271961373,-0.20927022189767402,0.0420250098256436
尖椒,14,成交量领先价格,-0.0888592059756818,0.06362155715777446,-1.3966839220127976,0.16250864116095098,1396,0.024113278332204557,0.3162919861521865,0.6956136271961373,-0.2135574580049197,0.03583904605355613
甘蓝,-14,价格领先成交量,-0.015595951821101905,0.0823873699876841,-0.18930027531444818,0.8498574795556899,1396,0.0009079611864633019,0.8678122150392608,0.8498574795556899,-0.17707519699696275,0.14588329335475894
甘蓝,-13,价格领先成交量,-0.023288677874379424,0.0843316906797852,-0.2761557095162312,0.7824284735871213,1397,0.0011761910364711525,0.8132769080296244,0.8103723476438043,-0.1885787916067584,0.14200143585799957
甘蓝,-12,价格领先成交量,-0.03088377547309991,0.0862325347309037,-0.35814528205016216,0.7202345933423522,1398,0.0015479420358267548,0.7734918006750178,0.7938104736154783,-0.19989954354567113,0.13813199259947134
甘蓝,-11,价格领先成交量,-0.034317684118266405,0.0877662666457534,-0.3910122354501093,0.6957881918428261,1399,0.0017561528153400285,0.7614285872996965,0.7938104736154783,-0.20633956674394308,0.13770419850741025
甘蓝,-10,价格领先成交量,-0.031540602601964396,0.08892204725539266,-0.3546994651548761,0.7228147516652752,1400,0.0016002245056376818,0.7734918006750178,0.7938104736154783,-0.205827815222534,0.1427466100186052
甘蓝,-9,价格领先成交量,-0.03211676286218157,0.09023776099017067,-0.35591267458065534,0.7219059635802038,1401,0.001640680716348819,0.7734918006750178,0.7938104736154783,-0.20898277440291607,0.14474924867855293
甘蓝,-8,价格领先成交量,-0.04039529401318581,0.09328094281920865,-0.43304980408996796,0.6649785882337989,1402,0.0021933953487556224,0.7532960569836002,0.7938104736154783,-0.22322594193883477,0.14243535391246315
甘蓝,-7,价格领先成交量,-0.04612777754522968,0.09642837243046204,-0.4783631246964588,0.632391774711142,1403,0.0026537874079466395,0.7315074028875033,0.7938104736154783,-0.23512738750893528,0.14287183241847592
甘蓝,-6,价格领先成交量,-0.047009228213029566,0.09890768309781713,-0.47528388837638286,0.6345846412989874,1404,0.002743280259346781,0.7315074028875033,0.7938104736154783,-0.2408682870847511,0.146849830658692
甘蓝,-5,价格领先成交量,-0.041446883142484965,0.10028533673614813,-0.413289564470748,0.6793944746129095,1405,0.002302409360955049,0.75653402594461,0.7938104736154783,-0.2380061431453353,0.1551123768603654
甘蓝,-4,价格领先成交量,-0.04121789685131632,0.10288768309601708,-0.4006106038256383,0.688706837411645,1406,0.00229224109241144,0.75653402594461,0.7938104736154783,-0.24287775571950979,0.16044196201687713
甘蓝,-3,价格领先成交量,-0.04723999249077275,0.10583126191968664,-0.4463708703258428,0.6553293709414486,1407,0.0027978215398868356,0.7452765395020396,0.7938104736154783,-0.2546692658533586,0.16018928087181306
甘蓝,-2,价格领先成交量,-0.05174909866613675,0.10899785762740095,-0.47477170462410584,0.6349497030013946,1408,0.003220405131650894,0.7315074028875033,0.7938104736154783,-0.2653848996158426,0.1618867022835691
甘蓝,-1,价格领先成交量,-0.04729592023625653,0.11081710105844553,-0.42679261399657453,0.6695303866537867,1409,0.0028167397775927805,0.755501214512055,0.7938104736154783,-0.26449743831080974,0.1699055978382967
甘蓝,0,同日,-0.03738844771293454,0.11224664795200963,-0.3330918864402948,0.7390649237109626,1410,0.002035645661689345,0.7850872815977258,0.7938104736154783,-0.2573918776988734,0.18261498227300432
甘蓝,1,成交量领先价格,-0.041299781164039005,0.11460511895774546,-0.3603659377489596,0.7185734955842399,1409,0.0021506908038477768,0.7734918006750178,0.7938104736154783,-0.2659258143212201,0.1833262519931421
甘蓝,2,成交量领先价格,-0.046409568231707304,0.11576922563046135,-0.40088000916450767,0.6885084687303751,1408,0.0025919604215923764,0.75653402594461,0.7938104736154783,-0.27331725046741157,0.18049811400399696
甘蓝,3,成交量领先价格,-0.048689580767331875,0.11707105535492004,-0.4158976838444093,0.6774848744312447,1407,0.002809819706778627,0.75653402594461,0.7938104736154783,-0.2781488492629751,0.1807696877283114
甘蓝,4,成交量领先价格,-0.04716935493921654,0.11626637910621941,-0.4057007305278102,0.684962505449083,1406,0.0026827933919175706,0.75653402594461,0.7938104736154783,-0.2750514579874066,0.1807127481089735
甘蓝,5,成交量领先价格,-0.0470830672231063,0.11592282678310813,-0.40615872239898726,0.6846259810670947,1405,0.0026851011671761293,0.75653402594461,0.7938104736154783,-0.2742918077179982,0.18012567327178564
甘蓝,6,成交量领先价格,-0.055095143984663725,0.11628773545232235,-0.47378292964740537,0.6356547087160374,1404,0.0034711545890250273,0.7315074028875033,0.7938104736154783,-0.28301910547121556,0.17282881750188808
甘蓝,7,成交量领先价格,-0.06241757443937775,0.11659707394045113,-0.5353271083908665,0.5924236842795649,1403,0.004298024190756422,0.6983856440694058,0.7938104736154783,-0.29094783936266194,0.16611269048390645
甘蓝,8,成交量领先价格,-0.06801057226434104,0.11656249133842951,-0.5834687598335385,0.5595777815002785,1402,0.004999212766450434,0.6623573740207378,0.7938104736154783,-0.2964730552876629,0.1604519107589808
甘蓝,9,成交量领先价格,-0.06945370120238092,0.11503884720691407,-0.6037412829551252,0.5460156626866426,1401,0.0052079727359437555,0.6543162899963899,0.7938104736154783,-0.29492984172793246,0.15602243932317064
甘蓝,10,成交量领先价格,-0.07282827001896837,0.11416718736861457,-0.6379089447463204,0.5235329547668796,1400,0.005687712871871642,0.6343695361920793,0.7938104736154783,-0.29659595726145294,0.15093941722351617
甘蓝,11,成交量领先价格,-0.08367999273644454,0.11379005973253999,-0.7353893031880973,0.462102434541678,1399,0.007331774575200178,0.5751489528630327,0.7938104736154783,-0.3067085098122229,0.1393485243393338
甘蓝,12,成交量领先价格,-0.09089904359888472,0.11329036864643734,-0.8023545574519872,0.42234789163676134,1398,0.008570103730821343,0.5513736572589272,0.7938104736154783,-0.3129481661459019,0.13115007894813246
甘蓝,13,成交量领先价格,-0.09568750839910092,0.11213178637886125,-0.8533486488461014,0.39346598926290255,1397,0.009464559041031828,0.5210495558444133,0.7938104736154783,-0.31546580970166893,0.12409079290346711
甘蓝,14,成交量领先价格,-0.09776258986156504,0.11032079069548398,-0.8861665081010608,0.37552780835922794,1396,0.009896671711294158,0.5065258810426796,0.7938104736154783,-0.31399133962471365,0.11846615990158356
芸豆,-14,价格领先成交量,0.081418946514738,0.0873125441762958,0.9324999893525283,0.3510781921805525,1396,0.017889125993014177,0.48024847043566143,0.9652311350865473,-0.08971364007080176,0.2525515331002778
芸豆,-13,价格领先成交量,0.06673211888697156,0.08878506850501791,0.7516142073281165,0.45228309693614765,1397,0.015713150801570652,0.5702699917890558,0.9652311350865473,-0.10728661538286355,0.24075085315680667
芸豆,-12,价格领先成交量,0.05341700764608374,0.0893459515138607,0.5978671304182919,0.5499285935780143,1398,0.014117147410729336,0.6562933832824038,0.9652311350865473,-0.12170105732108324,0.2285350726132507
芸豆,-11,价格领先成交量,0.03404817572981669,0.08964458847121287,0.37981295146165367,0.7040842676667882,1399,0.012426375910756127,0.7676106677570247,0.9652311350865473,-0.14165521767376052,0.2097515691333939
芸豆,-10,价格领先成交量,0.01701237053157842,0.08870137479034515,0.1917937638710664,0.8479037559930372,1400,0.011553530632098408,0.8678122150392608,0.9652311350865473,-0.15684232405749807,0.1908670651206549
芸豆,-9,价格领先成交量,-0.005379717639732758,0.08738063526877343,-0.06156647434738058,0.9509080758690194,1401,0.011288085677758852,0.9575116041736654,0.9652311350865473,-0.17664576276652866,0.16588632748706317
芸豆,-8,价格领先成交量,-0.02804109399217687,0.08712053947793139,-0.3218654769611476,0.7475546079499168,1402,0.012035182720613324,0.7909961406554538,0.9652311350865473,-0.1987973513689224,0.14271516338456863
芸豆,-7,价格领先成交量,-0.04230789497372587,0.08735581418882674,-0.4843168753744759,0.6281610013595504,1403,0.013031068447224015,0.7315074028875033,0.9652311350865473,-0.21352529078382626,0.12890950083637454
芸豆,-6,价格领先成交量,-0.05351183443657955,0.08845276421138351,-0.6049763951830552,0.545194680902684,1404,0.014098388145347363,0.6543162899963899,0.9652311350865473,-0.22687925229089123,0.11985558341773211
芸豆,-5,价格领先成交量,-0.0678809206193882,0.08851109366786282,-0.7669199171135634,0.4431291309645392,1405,0.015832576384633756,0.5620066346414985,0.9652311350865473,-0.2413626642083993,0.1056008229696229
芸豆,-4,价格领先成交量,-0.0866280602611256,0.08902492329661955,-0.9730764942362499,0.33051528552080056,1406,0.018712413426136054,0.4630407381692375,0.9652311350865473,-0.2611169099224999,0.08786078940024872
芸豆,-3,价格领先成交量,-0.09904004632566332,0.09151693323315721,-1.0822046022165048,0.27916162397945554,1407,0.0209916288944334,0.43132320661410656,0.9652311350865473,-0.27841323546265145,0.08033314281132481
芸豆,-2,价格领先成交量,-0.10674348096522158,0.0943050267023507,-1.131895983679954,0.257678167431581,1408,0.02252153369240395,0.4270095346009057,0.9652311350865473,-0.29158133330182895,0.07809437137138579
芸豆,-1,价格领先成交量,-0.11082648178532178,0.09754609884202362,-1.136144685445656,0.2558960160563728,1409,0.023332034527027146,0.42649336009395467,0.9652311350865473,-0.30201683551568803,0.08036387194504449
芸豆,0,同日,-0.09983563084340359,0.10185420481449503,-0.9801817315763466,0.32699642048804434,1410,0.02094598592357999,0.4625803021538188,0.9652311350865473,-0.29946987227981386,0.09979861059300667
芸豆,1,成交量领先价格,-0.08661158370606818,0.1003894287473991,-0.8627560171101394,0.3882716261969176,1409,0.01903679853647633,0.5188883483737609,0.9652311350865473,-0.2833748640509704,0.11015169663883405
芸豆,2,成交量领先价格,-0.07614632926762886,0.09596624379439453,-0.7934699354365752,0.42750407885228725,1408,0.017410104335093046,0.5534651020855504,0.9652311350865473,-0.26424016710464215,0.11194750856938442
芸豆,3,成交量领先价格,-0.06447024928723284,0.09384196378731204,-0.6870087398570572,0.4920772209020806,1407,0.015780644158706725,0.5995898910151403,0.9652311350865473,-0.24840049831036443,0.11945999973589876
芸豆,4,成交量领先价格,-0.04857815308670127,0.09390563418561136,-0.5173081839869479,0.6049410419602144,1406,0.013989136119876955,0.7102546646496444,0.9652311350865473,-0.23263319609049954,0.135476889917097
芸豆,5,成交量领先价格,-0.038348547301681635,0.09408519941277044,-0.4075938355982959,0.6835718907322006,1405,0.013099965576111594,0.75653402594461,0.9652311350865473,-0.2227555381507117,0.14605844354734843
芸豆,6,成交量领先价格,-0.03343708653225119,0.09418500203192076,-0.35501497914624286,0.7225783694981965,1404,0.012743831992024113,0.7734918006750178,0.9652311350865473,-0.2180396905148159,0.1511655174503135
芸豆,7,成交量领先价格,-0.029634821569786484,0.09303605039260596,-0.3185305206393597,0.7500825471732752,1403,0.01249613176548936,0.7909961406554538,0.9652311350865473,-0.21198548033929415,0.1527158371997212
芸豆,8,成交量领先价格,-0.026434866076224618,0.09234996142329874,-0.2862466390760769,0.7746892246463112,1402,0.012312358049111904,0.8110464806766435,0.9652311350865473,-0.20744079046589015,0.15457105831344092
芸豆,9,成交量领先价格,-0.02527278049755804,0.09150966358949202,-0.27617608355474377,0.7824128256935071,1401,0.012249810820755935,0.8132769080296244,0.9652311350865473,-0.20463172113296238,0.1540861601378463
芸豆,10,成交量领先价格,-0.020573742786909804,0.09141463250072228,-0.22505962365212426,0.8219328908557884,1400,0.0120325728176649,0.8512876369577809,0.9652311350865473,-0.19974642248832547,0.15859893691450588
芸豆,11,成交量领先价格,-0.017669798053123048,0.09101517982581113,-0.19414122003538628,0.846065306667569,1399,0.011921257663244478,0.8678122150392608,0.9652311350865473,-0.19605955051171287,0.16071995440546677
芸豆,12,成交量领先价格,-0.013487544291774772,0.0910457927300661,-0.14814022578465366,0.8822321040701664,1398,0.011793433053768676,0.8977098602819237,0.9652311350865473,-0.19193729804270432,0.1649622094591548
芸豆,13,成交量领先价格,-0.010066498806933565,0.09165065796125038,-0.10983553234489217,0.9125398107756642,1397,0.01171520173979479,0.9220785544423087,0.9652311350865473,-0.1897017884109843,0.1695687907971172
芸豆,14,成交量领先价格,-0.004002397479526386,0.09181893454652747,-0.043590110245705894,0.9652311350865473,1396,0.011628957093918757,0.9685710352079541,0.9652311350865473,-0.18396750919072022,0.17596271423166746
芹菜,-14,价格领先成交量,-0.1656830444388765,0.06327013810750343,-2.6186610207387484,0.008827561894041241,1396,0.04464207037333945,0.05472861048817796,0.033581237112515296,-0.2896925151295832,-0.04167357374816978
芹菜,-13,价格领先成交量,-0.16467978732722266,0.06354274517432787,-2.5916379104400975,0.009552024796566028,1397,0.04424869057874303,0.05472861048817796,0.033581237112515296,-0.2892235678689053,-0.04013600678554004
芹菜,-12,价格领先成交量,-0.16504490081443374,0.06402930768774473,-2.5776461869510965,0.009947579453933405,1398,0.044472345417763015,0.05547688541616706,0.033581237112515296,-0.2905423438824134,-0.03954745774645407
芹菜,-11,价格领先成交量,-0.1676861656202158,0.06471277107673835,-2.591237600092391,0.009563144003655225,1399,0.04580683469878244,0.05472861048817796,0.033581237112515296,-0.29452319693062295,-0.04084913430980863
芹菜,-10,价格领先成交量,-0.1650221682093044,0.06558374032323395,-2.516205501485297,0.011862599252933911,1400,0.04457507167936825,0.05566927551725719,0.033581237112515296,-0.29356629924284294,-0.036478037175765865
芹菜,-9,价格领先成交量,-0.16157580066797073,0.06615207074105493,-2.4424904444857303,0.014586315751910852,1401,0.042995427735402325,0.05967551449493298,0.033581237112515296,-0.2912338593204384,-0.03191774201550307
芹菜,-8,价格领先成交量,-0.16406586299949913,0.06771949613386727,-2.4227271667109758,0.0154044911295562,1402,0.04421009250483121,0.06119592366536025,0.033581237112515296,-0.29679607542187897,-0.03133565057711929
芹菜,-7,价格领先成交量,-0.164203028175479,0.06932214320340194,-2.3686952045565266,0.017850957612131842,1403,0.04430565546421161,0.0654515529189517,0.033581237112515296,-0.3000744288541468,-0.0283316274968112
芹菜,-6,价格领先成交量,-0.16827220989465322,0.07140507307789153,-2.3565862009705545,0.018443786408010653,1404,0.046343514303940014,0.0654515529189517,0.033581237112515296,-0.3082261531273206,-0.028318266661985836
芹菜,-5,价格领先成交量,-0.16987382122908742,0.0717494270658101,-2.367598295569323,0.017903963386349434,1405,0.04717044719228469,0.0654515529189517,0.033581237112515296,-0.3105026982780752,-0.029244944180099625
芹菜,-4,价格领先成交量,-0.17228017467338627,0.0718618034872505,-2.3973817287225705,0.016512710851766563,1406,0.048353206517174785,0.0638491486268307,0.033581237112515296,-0.31312930950839724,-0.03143103983837528
芹菜,-3,价格领先成交量,-0.17700646700275768,0.07235780506419744,-2.4462663958050364,0.014434430349121594,1407,0.05072706054280818,0.05967551449493298,0.033581237112515296,-0.31882776492858467,-0.0351851690769307
芹菜,-2,价格领先成交量,-0.1824840540950616,0.07309305909518977,-2.496598943237701,0.012539068232575846,1408,0.05356824852153641,0.05594353519149224,0.033581237112515296,-0.3257464499216336,-0.03922165826848964
芹菜,-1,价格领先成交量,-0.1871152402649865,0.07410926518048092,-2.524856235037524,0.011574562867646312,1409,0.05594293957441254,0.05566927551725719,0.033581237112515296,-0.33236940001872906,-0.0418610805112439
芹菜,0,同日,-0.18297910152625715,0.07511952607143096,-2.4358394028240116,0.014857279155604258,1410,0.05318651073315517,0.05984181882118381,0.033581237112515296,-0.3302133726262618,-0.035744830426252455
芹菜,1,成交量领先价格,-0.177483814610962,0.07536780565192742,-2.3549022434146334,0.01852757909656016,1409,0.05044839733166895,0.0654515529189517,0.033581237112515296,-0.3252047136887397,-0.029762915533184248
芹菜,2,成交量领先价格,-0.172509563481861,0.07549530652292434,-2.285036930467698,0.022310662391002524,1408,0.04857201709935133,0.07032708797163839,0.038059365255239605,-0.3204803642667927,-0.024538762696929284
芹菜,3,成交量领先价格,-0.16760965024189936,0.07630062303905216,-2.196700938550835,0.028041811799123434,1407,0.0462576261821841,0.08383634455408037,0.04517847456525442,-0.31715887139844157,-0.018060429085357127
芹菜,4,成交量领先价格,-0.15796740655093766,0.07742188576873095,-2.0403456333110572,0.041315912727987666,1406,0.04166107998857915,0.11981614691116423,0.06306112995324432,-0.3097143026576503,-0.0062205104442250025
芹菜,5,成交量领先价格,-0.1451455202998655,0.07830852270638594,-1.8535086001313252,0.0638094946294496,1405,0.03595830010422918,0.16862338353428324,0.09252376721270192,-0.29863022480438195,0.008339184204650935
芹菜,6,成交量领先价格,-0.13877655079323847,0.0787147001458738,-1.7630321977477938,0.0778950593757977,1404,0.03331529547916501,0.19643101929548987,0.09947681682010008,-0.2930573630791511,0.01550426149267417
芹菜,7,成交量领先价格,-0.13528380977643287,0.07873470381064537,-1.7182233910701743,0.0857558765690518,1403,0.03192536642392685,0.2055306132646696,0.09947681682010008,-0.2896038292452978,0.019036209692432055
芹菜,8,成交量领先价格,-0.13548643049608527,0.07822409750804467,-1.7320293210433226,0.08326834202620897,1402,0.032034868512145764,0.20315445256347645,0.09947681682010008,-0.28880566161185284,0.01783280061968226
芹菜,9,成交量领先价格,-0.13485537986753718,0.07759063575187494,-1.7380367947852322,0.08220433059755311,1401,0.031817038445946744,0.20315445256347645,0.09947681682010008,-0.28693302594121206,0.017222266206137704
芹菜,10,成交量领先价格,-0.12863741804784518,0.07686098388322417,-1.6736374106697043,0.09420188143517064,1400,0.029430147525197792,0.2185483649295959,0.10086914635159458,-0.2792849464589645,0.022010110363274188
芹菜,11,成交量领先价格,-0.12633206276597614,0.07621217236640983,-1.657636291465383,0.09739089992567752,1399,0.02858904444638599,0.22238866912162583,0.10086914635159458,-0.2757079206041394,0.023043795072187123
芹菜,12,成交量领先价格,-0.12265202611164022,0.07541658475796297,-1.6263269744350208,0.10388011642649642,1398,0.027277937869042868,0.23173256741295356,0.1038801164264964,-0.27046853223724765,0.025164480013967178
芹菜,13,成交量领先价格,-0.12536088452944946,0.07418762016143256,-1.6897817217571298,0.09106972194083866,1397,0.02830091805065349,0.21298564002292913,0.10086914635159458,-0.2707686200458573,0.020046850986958353
芹菜,14,成交量领先价格,-0.12591245441047716,0.07288380323912211,-1.7275779914691756,0.08406391140557645,1396,0.028561962143510145,0.20315445256347645,0.09947681682010008,-0.2687647087591565,0.01693979993820216
茄子,-14,价格领先成交量,-0.10017030987153508,0.06446627859927238,-1.55384042708905,0.12022248468733,1396,0.01859561573453139,0.2575465155124223,0.12022248468733,-0.22652421592610894,0.026183596183038782
茄子,-13,价格领先成交量,-0.11024545307444729,0.06508076561879929,-1.693979043212142,0.09026926539097788,1397,0.022142870019209226,0.21282997531206166,0.09349316772636994,-0.2378037536872939,0.017312847538399304
茄子,-12,价格领先成交量,-0.1188128516443244,0.06576572583220502,-1.806607471306012,0.07082350376189589,1398,0.025479340101752235,0.18016505342938427,0.07606968922574003,-0.24771367427544624,0.010087970986797451
茄子,-11,价格领先成交量,-0.12664259069053985,0.06663092082519433,-1.9006579696352335,0.05734682716097915,1399,0.028764572234206365,0.1539868507100366,0.06396376875647675,-0.25723919550792074,0.003954014126841016
茄子,-10,价格领先成交量,-0.13107139820946853,0.06741292755482194,-1.9443065738819587,0.05185849238619753,1400,0.0306959310767565,0.1432282170666408,0.06015585116798913,-0.26320073621691953,0.0010579397979824656
茄子,-9,价格领先成交量,-0.1349389959055263,0.06791603719499224,-1.986850256267248,0.04693899345328244,1401,0.03245804547469955,0.13215833108205735,0.056717950422716275,-0.26805442880771113,-0.001823563003341494
茄子,-8,价格领先成交量,-0.14134327728792714,0.06852923893171498,-2.0625251278329055,0.03915776776621533,1402,0.03547039662840501,0.11470457224446914,0.049372837618271506,-0.27566058559408846,-0.007025968981765801
茄子,-7,价格领先成交量,-0.14817110744870304,0.06894174864842689,-2.149221775680678,0.03161682391163387,1403,0.03884759548852568,0.0935599891262635,0.04167672242897192,-0.28329693479961976,-0.013045280097786327
茄子,-6,价格领先成交量,-0.15526913856302282,0.06926996376005808,-2.2415074317182326,0.024993224679881305,1404,0.04252743784282631,0.07793586190500623,0.0345144531293599,-0.29103826753273665,-0.019500009593308998
茄子,-5,价格领先成交量,-0.16143930588217326,0.06918706811835236,-2.3333739999794894,0.019628524645902742,1405,0.04590156410416546,0.0654515529189517,0.02846136073655898,-0.2970459593941439,-0.02583265237020263
茄子,-4,价格领先成交量,-0.16683528549979829,0.06947809129303215,-2.4012646633620167,0.016338514654725727,1406,0.04892389881439463,0.0638491486268307,0.024937732894055056,-0.30301234443414127,-0.030658226565455277
茄子,-3,价格领先成交量,-0.17193715304798637,0.06986810857088503,-2.4608817465488806,0.013859603915183562,1407,0.05189435360642736,0.05967551449493298,0.022329361863351296,-0.30887864584692104,-0.03499566024905171
茄子,-2,价格领先成交量,-0.17713856254500293,0.07007057453497864,-2.5280021424196666,0.011471365196382442,1408,0.05500226327232771,0.05566927551725719,0.02100974855818076,-0.31447688863356105,-0.03980023645644479
茄子,-1,价格领先成交量,-0.1857909910346174,0.06976180146424256,-2.6632195146200077,0.00773969059230244,1409,0.060344687459285895,0.05344072075637399,0.02100974855818076,-0.32252412190453283,-0.04905786016470198
茄子,0,同日,-0.19060582491771616,0.06995792411895917,-2.724578056284269,0.006438370949444402,1410,0.0632946939385749,0.05330531174632982,0.02100974855818076,-0.3277233561908761,-0.053488293644556206
茄子,1,成交量领先价格,-0.19054419763731992,0.06922294327302013,-2.7526162371599874,0.0059121154494384594,1409,0.06366176548198232,0.05330531174632982,0.02100974855818076,-0.32622116645243937,-0.054867228822200464
茄子,2,成交量领先价格,-0.18859202535328853,0.06737952432258532,-2.7989515694766243,0.0051268826457625495,1408,0.062443660503209486,0.05330531174632982,0.02100974855818076,-0.32065589302555575,-0.05652815768102132
茄子,3,成交量领先价格,-0.1840159924281301,0.06609215375736366,-2.7842335582478723,0.005365438318878542,1407,0.059415306684551084,0.05330531174632982,0.02100974855818076,-0.31355661379256283,-0.05447537106369735
茄子,4,成交量领先价格,-0.17816485244356375,0.06515843433354732,-2.7343329265944964,0.006250680785570158,1406,0.05577898978355289,0.05330531174632982,0.02100974855818076,-0.3058753837373165,-0.05045432114981102
茄子,5,成交量领先价格,-0.17433152995100196,0.06449651594727727,-2.702960421823551,0.006872492905509217,1405,0.05339825985647573,0.05330531174632982,0.02100974855818076,-0.3007447012076654,-0.0479183586943385
茄子,6,成交量领先价格,-0.17155877381155485,0.0638166458332938,-2.688307597044702,0.007181520867018261,1404,0.05169159065534834,0.05330531174632982,0.02100974855818076,-0.2966393996448107,-0.046478147978298995
茄子,7,成交量领先价格,-0.1660215009472224,0.06336945004558946,-2.619898086976969,0.008795604798179903,1403,0.04859938811892184,0.05472861048817796,0.02100974855818076,-0.29022562303657773,-0.04181737885786707
茄子,8,成交量领先价格,-0.16298861511309679,0.0627181905744267,-2.5987454934574483,0.009356511525905045,1402,0.046985626212966425,0.05472861048817796,0.02100974855818076,-0.2859162686389731,-0.04006096158722047
茄子,9,成交量领先价格,-0.15982532886013343,0.0623482876380462,-2.5634277205490523,0.01036442785828823,1401,0.04524641835721677,0.05566927551725719,0.02100974855818076,-0.282027972630704,-0.037622685089562874
茄子,10,成交量领先价格,-0.15530327871948113,0.06204792750933772,-2.5029567457528574,0.012316059499623205,1400,0.04283423940360798,0.05580714460766765,0.02100974855818076,-0.27691721663778307,-0.033689340801179204
茄子,11,成交量领先价格,-0.15386146825835706,0.06131406431382693,-2.5093992704649293,0.012093670198576564,1399,0.042021667094077286,0.05566927551725719,0.02100974855818076,-0.27403703431345783,-0.03368590220325628
茄子,12,成交量领先价格,-0.15170455175612807,0.06022598988158793,-2.518921682389925,0.011771483640902712,1398,0.04086706759115266,0.05566927551725719,0.02100974855818076,-0.2697474919240404,-0.033661611588215734
茄子,13,成交量领先价格,-0.148795113494596,0.05923417369944458,-2.5119809090202807,0.012005558321970282,1397,0.03942741547852391,0.05566927551725719,0.02100974855818076,-0.2648940939455074,-0.03269613304368464
茄子,14,成交量领先价格,-0.1472622485126,0.05807776439626718,-2.5356046336050935,0.011225338823187186,1396,0.038652773644482386,0.05566927551725719,0.02100974855818076,-0.26109466672928366,-0.03342983029591633
西红柿,-14,价格领先成交量,-0.20890906040498927,0.09098047439575871,-2.296196648703429,0.02166464008374649,1396,0.037716128006752836,0.06904116070644487,0.02166464008374649,-0.3872307902206763,-0.030587330589302214
西红柿,-13,价格领先成交量,-0.2104921840344047,0.09038031703145104,-2.328960452320127,0.01986116088575086,1397,0.03826768917773282,0.0654515529189517,0.020570488060241966,-0.38763760541604875,-0.03334676265276068
西红柿,-12,价格领先成交量,-0.2130401676835808,0.09015182402320865,-2.363126536726931,0.018121481011673105,1398,0.03915040997965358,0.0654515529189517,0.019463812938463707,-0.38973774276906975,-0.03634259259809186
西红柿,-11,价格领先成交量,-0.21976428199046605,0.08969367508986989,-2.4501647610076187,0.014279085944744765,1399,0.041493779283680254,0.05967551449493298,0.01592667278452301,-0.395563885166611,-0.04396467881432106
西红柿,-10,价格领先成交量,-0.22577458306793705,0.08920265980642525,-2.5310297199419893,0.01137282117486826,1400,0.04365365178618119,0.05566927551725719,0.013192472562847182,-0.4006117962885305,-0.05093736984734357
西红柿,-9,价格领先成交量,-0.2304933784321639,0.08902694393169917,-2.5890294359536448,0.009624686672058883,1401,0.04536895149615605,0.05472861048817796,0.011629829728737816,-0.40498618853829427,-0.056000568326033506
西红柿,-8,价格领先成交量,-0.23407516356884867,0.08909164919812625,-2.627352458683318,0.008605215021192552,1402,0.04671316142440951,0.05472861048817796,0.010850053722373217,-0.4086947959971761,-0.05945553114052121
西红柿,-7,价格领先成交量,-0.23549536971898077,0.08887287966451743,-2.649800148346071,0.00805393970970684,1403,0.047235031154379103,0.05431726780965078,0.010616556890068107,-0.40968621386143494,-0.0613045255765266
西红柿,-6,价格领先成交量,-0.23847297115755814,0.0888931079156377,-2.682693594017169,0.007303186841630335,1404,0.04835368151638009,0.05330531174632982,0.010579499301629193,-0.41270346267220803,-0.06424247964290825
西红柿,-5,价格领先成交量,-0.24535689823925227,0.08909317390147055,-2.753935991893117,0.005888328296710315,1405,0.051000028284091115,0.05330531174632982,0.010579499301629193,-0.4199795190861345,-0.07073427739237001
西红柿,-4,价格领先成交量,-0.2527547232204716,0.08907634758622542,-2.8375065892301703,0.004546740831092942,1406,0.0538976095560082,0.05330531174632982,0.010579499301629193,-0.42734436448947344,-0.07816508195146979
西红柿,-3,价格领先成交量,-0.2610349962739165,0.08874913650695399,-2.9412680117001813,0.0032687158251351253,1407,0.057285693418116845,0.049890925752062436,0.010532528769879848,-0.43498330382754635,-0.08708668872028671
西红柿,-2,价格领先成交量,-0.2677375560677928,0.08838519855146514,-3.0292125882581344,0.002451920800779616,1408,0.06030403118268979,0.049890925752062436,0.010532528769879848,-0.44097254522866447,-0.09450256690692116
西红柿,-1,价格领先成交量,-0.273735346491847,0.08870158597230883,-3.0860253905415247,0.0020285149946843886,1409,0.06288694480684143,0.049890925752062436,0.010532528769879848,-0.44759045499757233,-0.0998802379861217
西红柿,0,同日,-0.27487078137560733,0.08909699621929139,-3.0850734933765587,0.0020350186104808963,1410,0.06313992513530842,0.049890925752062436,0.010532528769879848,-0.4495008939654185,-0.10024066878579621
西红柿,1,成交量领先价格,-0.2721101986663304,0.08864770270953912,-3.0695685319440256,0.0021436821726210603,1409,0.06309704461007037,0.049890925752062436,0.010532528769879848,-0.44585969597702707,-0.09836070135563374
西红柿,2,成交量领先价格,-0.27011963849528187,0.08882917201827467,-3.0408888471876176,0.0023588089216428757,1408,0.06254768429136837,0.049890925752062436,0.010532528769879848,-0.4442248156511002,-0.09601446133946351
西红柿,3,成交量领先价格,-0.2631282102377887,0.08885088668448266,-2.961458462110572,0.003061857911329024,1407,0.05970347593049907,0.049890925752062436,0.010532528769879848,-0.4372759481393747,-0.08898047233620271
西红柿,4,成交量领先价格,-0.257700623164583,0.08895212635987892,-2.8970709718842267,0.003766645337638406,1406,0.05746856461815897,0.05201557847214942,0.010579499301629193,-0.4320467908299457,-0.0833544554992203
西红柿,5,成交量领先价格,-0.24994622173881548,0.08919242430142701,-2.8023256873713716,0.005073562579673221,1405,0.05434909625777751,0.05330531174632982,0.010579499301629193,-0.42476337336961245,-0.07512907010801853
西红柿,6,成交量领先价格,-0.24362840968329325,0.08971563448141186,-2.7155624668047187,0.006616329333641755,1404,0.05190119902922519,0.05330531174632982,0.010579499301629193,-0.4194710532668605,-0.067785766099726
西红柿,7,成交量领先价格,-0.23979889666529403,0.0899249644175188,-2.666655452338188,0.007661016735662518,1403,0.050400098322342934,0.05344072075637399,0.010579499301629193,-0.41605182692363085,-0.0635459664069572
西红柿,8,成交量领先价格,-0.2391933182825504,0.0892364545880717,-2.6804439888014504,0.007352456792597217,1402,0.05015437872442141,0.05330531174632982,0.010579499301629193,-0.4140967692751709,-0.06428986728992986
西红柿,9,成交量领先价格,-0.23812901876255171,0.08844092401537577,-2.6925207014023522,0.00709141329997179,1401,0.04971963376309407,0.05330531174632982,0.010579499301629193,-0.4114732298326882,-0.06478480769241521
西红柿,10,成交量领先价格,-0.2363571427960279,0.08794974219833711,-2.6874114339416084,0.007200819550867495,1400,0.048991775773505775,0.05330531174632982,0.010579499301629193,-0.40873863750476863,-0.06397564808728717
西红柿,11,成交量领先价格,-0.24038726478884656,0.08696976287070152,-2.7640326574907625,0.005709182498445569,1399,0.05060422922719754,0.05330531174632982,0.010579499301629193,-0.41084800001542154,-0.06992652956227158
西红柿,12,成交量领先价格,-0.24485742300253868,0.08582781488357115,-2.852891260655972,0.004332344334734423,1398,0.05235437420946831,0.05330531174632982,0.010579499301629193,-0.41307994017433813,-0.07663490583073923
西红柿,13,成交量领先价格,-0.25023983000344185,0.08504992151273877,-2.942269969831318,0.0032581574640550195,1397,0.05453070018627981,0.049890925752062436,0.010532528769879848,-0.4169376761684098,-0.08354198383847386
西红柿,14,成交量领先价格,-0.2514724982481888,0.08443025244317531,-2.978464365216,0.002896967135770996,1396,0.05500073859094201,0.049890925752062436,0.010532528769879848,-0.4169557930368124,-0.08598920345956518
青椒,-14,价格领先成交量,-0.09619934516510294,0.06200384395161327,-1.551506149202221,0.12078043486099806,1396,0.020400843176189065,0.2575465155124223,0.12078043486099806,-0.21772687931026496,0.025328188980059077
青椒,-13,价格领先成交量,-0.10843569953554899,0.06225970426961274,-1.7416674365488993,0.0815666536683514,1397,0.024720431077572935,0.20315445256347645,0.08447974844222109,-0.23046471990398998,0.013593320832891984
青椒,-12,价格领先成交量,-0.12045310591887773,0.06173208154663419,-1.9512237867418092,0.05103043056080772,1398,0.029457803800743365,0.1422963929099446,0.05481046245420088,-0.24144798575028076,0.0005417739125252868
青椒,-11,价格领先成交量,-0.1374441855872198,0.06149580548633029,-2.235017242237307,0.025416216797973564,1399,0.03701536828026186,0.07841173267459929,0.028348857197739743,-0.25797596434042713,-0.016912406834012433
青椒,-10,价格领先成交量,-0.1548465452215628,0.061402833659618176,-2.5218143201654595,0.011675131735322307,1400,0.04577931909478128,0.05566927551725719,0.02116117627027168,-0.27519609919441446,-0.03449699124871117
青椒,-9,价格领先成交量,-0.1669083945806837,0.061544394318064286,-2.711999954343419,0.006687860203735155,1401,0.05243502996640936,0.05330531174632982,0.014953120924000328,-0.2875354074440897,-0.04628138171727772
青椒,-8,价格领先成交量,-0.18061549212331499,0.06179906143025125,-2.922625165224628,0.0034709408444638288,1402,0.06061292079611502,0.05032864224472552,0.00915066222631373,-0.30174165252660745,-0.05948933172002255
青椒,-7,价格领先成交量,-0.19085023580588184,0.062384747837263596,-3.059245126769325,0.0022189550774947683,1403,0.06716175973144434,0.049890925752062436,0.0071499663608164754,-0.3131243415669185,-0.0685761300448452
青椒,-6,价格领先成交量,-0.20037991325281254,0.06287651562935917,-3.186880049683421,0.0014381640512372942,1404,0.0735922567356121,0.049890925752062436,0.00595810821226879,-0.3236178838863565,-0.07714194261926857
青椒,-5,价格领先成交量,-0.20853775203983774,0.06393140152436197,-3.2618986455407435,0.0011066870465292712,1405,0.0792213614662799,0.049890925752062436,0.005348987391558144,-0.3338432990275872,-0.08323220505208828
青椒,-4,价格领先成交量,-0.21446734761519962,0.0646597138149387,-3.3168619989414494,0.0009103456982668436,1406,0.08350794574428777,0.049890925752062436,0.005280005049947693,-0.34120038669247943,-0.08773430853791978
青椒,-3,价格领先成交量,-0.2187064697896759,0.06428908708223284,-3.4019221568650706,0.0006691369425814709,1407,0.08658332592478613,0.049890925752062436,0.005280005049947693,-0.34471308047085225,-0.09269985910849954
青椒,-2,价格领先成交量,-0.21863562429807354,0.06399115756669632,-3.416653684850056,0.0006339586966775062,1408,0.08650206892683121,0.049890925752062436,0.005280005049947693,-0.3440582931287983,-0.09321295546734876
青椒,-1,价格领先成交量,-0.2185718300372685,0.06373017811785751,-3.429644110409658,0.0006043733945383717,1409,0.08597842119562793,0.049890925752062436,0.005280005049947693,-0.3434829791482692,-0.09366068092626777
青椒,0,同日,-0.2141151246595769,0.06386454004528727,-3.3526449029108294,0.0008004332945229654,1410,0.08238640024334332,0.049890925752062436,0.005280005049947693,-0.33928962314834,-0.08894062617081386
青椒,1,成交量领先价格,-0.19847327570791332,0.06317919961119906,-3.1414338410316334,0.0016812278768408443,1409,0.07137708398087528,0.049890925752062436,0.006094451053548061,-0.32230450694586343,-0.07464204446996317
青椒,2,成交量领先价格,-0.18598448185333324,0.06296568023749038,-2.9537437085067215,0.0031394461302041753,1408,0.06377388210247381,0.049890925752062436,0.009104393777592108,-0.3093972151188144,-0.0625717485878521
青椒,3,成交量领先价格,-0.1714154197664053,0.06322389456962067,-2.7112442365860057,0.006703123172827733,1407,0.05505969551381207,0.05330531174632982,0.014953120924000328,-0.2953342531228618,-0.04749658640994879
青椒,4,成交量领先价格,-0.15940458771664545,0.06271275359905637,-2.5418208987564532,0.011027666503804342,1406,0.04828745856009986,0.05566927551725719,0.02116117627027168,-0.28232158477079594,-0.03648759066249496
青椒,5,成交量领先价格,-0.1519370838662943,0.0622208580843771,-2.441899526044046,0.01461021216944911,1405,0.04433784899943205,0.05967551449493298,0.023538675161890232,-0.2738899657116734,-0.029984202020915174
青椒,6,成交量领先价格,-0.1446447082828112,0.0610035464015017,-2.3710868763402013,0.01773586169217528,1404,0.04063887690853163,0.0654515529189517,0.024040967497388266,-0.26421165922975454,-0.02507775733586788
青椒,7,成交量领先价格,-0.13831533579398775,0.05949943050335014,-2.3246497424240027,0.020090696675274775,1403,0.037562376997444136,0.06546406781831107,0.024040967497388266,-0.254934219580554,-0.021696452007421485
青椒,8,成交量领先价格,-0.1347372456096213,0.057160089858500844,-2.357190934149366,0.018413776302034553,1402,0.035917647660853036,0.0654515529189517,0.024040967497388266,-0.24677102173228294,-0.022703469486959657
青椒,9,成交量领先价格,-0.12844072808057608,0.05482890845605871,-2.342573137006945,0.019151280045489896,1401,0.03308121553768606,0.0654515529189517,0.024040967497388266,-0.23590538865445115,-0.020976067506701015
青椒,10,成交量领先价格,-0.12294364694849276,0.05315430271889123,-2.3129575718203927,0.020724971980507125,1400,0.030734673007808078,0.06678046527052296,0.024040967497388266,-0.22712608027751957,-0.01876121361946595
青椒,11,成交量领先价格,-0.12120621000305706,0.05187574216891904,-2.336471825470612,0.01946666434661277,1399,0.03006851103190744,0.0654515529189517,0.024040967497388266,-0.22288266465413836,-0.01952975535197575
青椒,12,成交量领先价格,-0.11830191243016683,0.05078997472542449,-2.3292374739250885,0.019846488705938876,1398,0.02894005466767302,0.0654515529189517,0.024040967497388266,-0.21785026289199882,-0.018753561968334817
青椒,13,成交量领先价格,-0.12006772354444163,0.04871311230160085,-2.4647926989566598,0.013709254128792066,1397,0.0297740138980499,0.05967551449493298,0.023386374690292346,-0.2155454236555793,-0.024590023433303965
青椒,14,成交量领先价格,-0.121093919791692,0.04634958772891872,-2.612621292338666,0.008985080332228099,1396,0.030306693404263285,0.05472861048817796,0.018611952116758205,-0.2119391117403727,-0.030248727843011303
韭菜,-14,价格领先成交量,-0.04762312859073856,0.06218689523258605,-0.7658065001094307,0.4437914459755281,1396,0.00728364487018629,0.5620066346414985,0.4437914459755281,-0.16950944324660722,0.07426318606513008
韭菜,-13,价格领先成交量,-0.048171852326027775,0.06214290195362175,-0.7751786738568985,0.4382340880261927,1397,0.007393220015924462,0.5620066346414985,0.4437914459755281,-0.1699719401551264,0.07362823550307085
韭菜,-12,价格领先成交量,-0.04963353665708995,0.06207895064653435,-0.7995228034651197,0.42398732954738194,1398,0.00768048989787995,0.5513736572589272,0.4437914459755281,-0.17130827992429726,0.07204120661011737
韭菜,-11,价格领先成交量,-0.05025193340674713,0.06168163526582988,-0.8146984623571657,0.41524493374662963,1399,0.007806126310366368,0.5448915420204642,0.4437914459755281,-0.17114793852777369,0.07064407171427944
韭菜,-10,价格领先成交量,-0.05256865495313491,0.06040965855366336,-0.8702028154394699,0.384189577607425,1400,0.008270359694800056,0.5158100810470058,0.4437914459755281,-0.1709715857183151,0.06583427581204528
韭菜,-9,价格领先成交量,-0.05657020994230426,0.0587975387557704,-0.96211867264176,0.3359899954250338,1401,0.009117534993100418,0.4662062137476546,0.4059879111385825,-0.17181338590361422,0.05867296601900572
韭菜,-8,价格领先成交量,-0.06316685022013503,0.0584153678625407,-1.0813395948952202,0.27954608068639264,1402,0.010644897462699476,0.43132320661410656,0.38793771312160724,-0.1776609712307148,0.051327270790444746
韭菜,-7,价格领先成交量,-0.06714038080071304,0.05800024867402399,-1.1575878092878342,0.24703228649061415,1403,0.011646631392435158,0.4217375950886275,0.38793771312160724,-0.18082086820180004,0.04654010660037397
韭菜,-6,价格领先成交量,-0.07509141179578473,0.05869744888446031,-1.2792960038790475,0.2007928392939069,1404,0.013832123885717529,0.36622593330335224,0.38793771312160724,-0.19013841160932693,0.039955588017757476
韭菜,-5,价格领先成交量,-0.08752678354852782,0.05837316700782675,-1.4994352377144813,0.13376075781982893,1405,0.017743981764539174,0.28109144759239413,0.38793771312160724,-0.20193819088386825,0.02688462378681261
韭菜,-4,价格领先成交量,-0.09751686120361655,0.05869637427958828,-1.6613779368912083,0.09663756607783434,1406,0.021310197891501792,0.22238866912162583,0.38793771312160724,-0.21256175479160958,0.017528032384376474
韭菜,-3,价格领先成交量,-0.1073779720217957,0.059253749359055495,-1.8121717728126447,0.06995965913815515,1407,0.025212562643707637,0.17954248805367248,0.38793771312160724,-0.22351532076554448,0.008759376721953066
韭菜,-2,价格领先成交量,-0.11538596438779007,0.06049903900404066,-1.9072363179204148,0.056489992485095154,1408,0.028640427690480363,0.15310371795025787,0.38793771312160724,-0.23396408083570977,0.003192152060129627
韭菜,-1,价格领先成交量,-0.1207659370720503,0.06293320541380001,-1.9189541717760448,0.05499013393091575,1409,0.030914127073414233,0.15044470603741103,0.38793771312160724,-0.24411501968309834,0.0025831455389977304
韭菜,0,同日,-0.1191297341996209,0.06546227318807539,-1.8198227528298174,0.06878600160541957,1410,0.029784261536078604,0.17810661129974711,0.38793771312160724,-0.24743578964824864,0.009176321249006844
韭菜,1,成交量领先价格,-0.11224049237778687,0.06609325052947353,-1.6982141365211643,0.08946735339712145,1409,0.028324872306670135,0.2126682990587313,0.38793771312160724,-0.241783263415555,0.017302278659981254
韭菜,2,成交量领先价格,-0.10487279209874809,0.0664309715505893,-1.5786731648036205,0.11441104311107018,1408,0.025506293637908906,0.249467687986544,0.38793771312160724,-0.23507749633790312,0.025331912140406948
韭菜,3,成交量领先价格,-0.09668024518983322,0.06703834065335183,-1.442163458217985,0.14925626654645296,1407,0.022361677481569142,0.3020691273023794,0.38793771312160724,-0.2280753928704028,0.034714902490736374
韭菜,4,成交量领先价格,-0.09006799855819746,0.06820270790445292,-1.3205927055620172,0.18663720636339642,1406,0.01995993948040231,0.35145967432068154,0.38793771312160724,-0.22374530605092519,0.04360930893453026
韭菜,5,成交量领先价格,-0.087356034330058,0.06897940534714815,-1.2664074717725817,0.20536723726188677,1405,0.019023311468167048,0.37049037674719976,0.38793771312160724,-0.22255566881046834,0.04784360015035237
韭菜,6,成交量领先价格,-0.08176772586179376,0.06934172336896152,-1.1791995048452217,0.23831874321819102,1404,0.017170933522047793,0.411383544840925,0.38793771312160724,-0.21767750366495833,0.05414205194137081
韭菜,7,成交量领先价格,-0.0764130706225449,0.07012753816436162,-1.0896300172900915,0.2758761548787715,1403,0.015505816992249177,0.43132320661410656,0.38793771312160724,-0.2138630454246937,0.06103690417960389
韭菜,8,成交量领先价格,-0.07174926360456649,0.0699638064020799,-1.025519726474366,0.30511802243001807,1402,0.014146271993722204,0.44612837008984835,0.38793771312160724,-0.2088783241526431,0.06537979694351012
韭菜,9,成交量领先价格,-0.07108592208631812,0.06968434123700454,-1.0201132826174912,0.3076747379929988,1401,0.013955172803606919,0.44612837008984835,0.38793771312160724,-0.20766723091084702,0.06549538673821079
韭菜,10,成交量领先价格,-0.07360143082211591,0.06932457955629379,-1.061693143949747,0.2883750128393403,1400,0.014660176645440948,0.4338544936322183,0.38793771312160724,-0.20947760675245175,0.06227474510821991
韭菜,11,成交量领先价格,-0.07294719775642576,0.06838588608150611,-1.0666996062533023,0.2861075049960742,1399,0.01446423409702391,0.4338544936322183,0.38793771312160724,-0.20698353447617773,0.061089138963326226
韭菜,12,成交量领先价格,-0.07381750316438536,0.0678626107131038,-1.0877492390685717,0.27670582405559385,1398,0.01471387549890324,0.43132320661410656,0.38793771312160724,-0.2068282201620688,0.05919321383329808
韭菜,13,成交量领先价格,-0.07508616451531078,0.06752481369866192,-1.1119788475151127,0.2661472451657805,1397,0.015092195928959384,0.4309499586764503,0.38793771312160724,-0.20743479936468814,0.05726247033406659
韭菜,14,成交量领先价格,-0.07527992975829262,0.0680920483744649,-1.1055612447476795,0.26891647205707825,1396,0.015154210936926038,0.4309499586764503,0.38793771312160724,-0.20874034457224383,0.05818048505565859
黄瓜,-14,价格领先成交量,-0.06962998660327228,0.07354580196835747,-0.946756779309172,0.34376273020734294,1396,0.011727309799120844,0.4747199607625212,0.34376273020734294,-0.2137797584612529,0.07451978525470836
黄瓜,-13,价格领先成交量,-0.07175039596405237,0.07361309617790861,-0.9746960756907379,0.3297110401363774,1397,0.012273570934005829,0.4630407381692375,0.3414864344269623,-0.21603206447275325,0.07253127254464849
黄瓜,-12,价格领先成交量,-0.0745623039091042,0.07385098781392108,-1.009631774959807,0.3126717402732303,1398,0.013025443183027008,0.4466739146760433,0.3358326099230992,-0.2193102400243895,0.0701856322061811
黄瓜,-11,价格领先成交量,-0.07801173504859425,0.07353389253609804,-1.060894947323753,0.28873764576213146,1399,0.013993434470143007,0.4338544936322183,0.3358326099230992,-0.22213816441934642,0.0661146943221579
黄瓜,-10,价格领先成交量,-0.07958956810604072,0.07327082740821118,-1.0862381512716672,0.2773736423243133,1400,0.014449804506137975,0.43132320661410656,0.3358326099230992,-0.22320038982613466,0.06402125361405321
黄瓜,-9,价格领先成交量,-0.08681955209760656,0.07260581307965383,-1.1957658542072827,0.2317879443699642,1401,0.016620553338897004,0.40738487192296735,0.3358326099230992,-0.22912694573372805,0.05548784153851494
黄瓜,-8,价格领先成交量,-0.09467612074480361,0.07161208092327256,-1.3220691191231069,0.18614513577354863,1402,0.019197303953014222,0.35145967432068154,0.3358326099230992,-0.23503579935441785,0.045683557864810626
黄瓜,-7,价格领先成交量,-0.10373777875138881,0.07075033751244408,-1.4662513621668964,0.14257982059072621,1403,0.022448213098194003,0.29534391408079,0.3358326099230992,-0.2424084402757792,0.03493288277300158
黄瓜,-6,价格领先成交量,-0.11239256500621841,0.0695093029507419,-1.6169427721907375,0.1058906345448006,1404,0.025842306188066044,0.23441438181673416,0.30708284017992177,-0.24863079878967254,0.023845668777235707
黄瓜,-5,价格领先成交量,-0.11882314043638288,0.06873045846133997,-1.7288279912059574,0.08383988484769797,1405,0.028551896255887277,0.20315445256347645,0.30391958257290513,-0.25353483902060925,0.01588855814784347
黄瓜,-4,价格领先成交量,-0.12581048808240505,0.06791556392304451,-1.852454442180022,0.0639605937543833,1406,0.0316586170399209,0.16862338353428324,0.2778732108450225,-0.25892499337157227,0.007304017206762187
黄瓜,-3,价格领先成交量,-0.13654678682792346,0.06737274401808784,-2.026736313297024,0.04268938666512585,1407,0.03674160174583341,0.12257348646422274,0.2614196293987817,-0.2685973651033756,-0.0044962085524712925
黄瓜,-2,价格领先成交量,-0.14931049923807826,0.06731198484325356,-2.2181859528547707,0.026542156123416517,1408,0.04335918488628743,0.08017942995615406,0.256574175859693,-0.2812419895308552,-0.01737900894530131
黄瓜,-1,价格领先成交量,-0.1579957363414789,0.06765545216398142,-2.3352993925535106,0.019527785890136207,1409,0.04811323172549786,0.0654515529189517,0.256574175859693,-0.29060042258288243,-0.025391050100075335
黄瓜,0,同日,-0.15430004141979997,0.06954851431619007,-2.218595795135206,0.026514235878673797,1410,0.04560982115553702,0.08017942995615406,0.256574175859693,-0.2906151294795325,-0.017984953360067446
黄瓜,1,成交量领先价格,-0.14031205914886255,0.07001674429860541,-2.0039786276046154,0.04507234989634167,1409,0.03897199610848057,0.12814687715626555,0.2614196293987817,-0.2775448779741292,-0.0030792403235959387
黄瓜,2,成交量领先价格,-0.12800478848225122,0.06990268374210448,-1.8311856087601126,0.06707284399707439,1408,0.03315407807094395,0.1752353581905547,0.2778732108450225,-0.265014048616776,0.009004471652273555
黄瓜,3,成交量领先价格,-0.11561821811270385,0.06992406564210477,-1.6534824891973152,0.09823270699518148,1407,0.027624476558645528,0.22255847678595805,0.30708284017992177,-0.2526693867712292,0.02143295054582149
黄瓜,4,成交量领先价格,-0.10061764057760922,0.07046944154110622,-1.4278194686546075,0.1533438276552685,1406,0.02171741563695373,0.30542444025792775,0.3358326099230992,-0.2387377459981774,0.037502464842958966
黄瓜,5,成交量领先价格,-0.09412761116739587,0.07086585702892244,-1.3282505160274805,0.18409536111959268,1405,0.019415795215396936,0.35123457055711765,0.3358326099230992,-0.23302469094408385,0.044769468609292096
黄瓜,6,成交量领先价格,-0.0875957269681992,0.07025025722099164,-1.2469096973217135,0.21243061062419477,1404,0.017252175131128422,0.38027701901862027,0.3358326099230992,-0.2252862311213428,0.0500947771849444
黄瓜,7,成交量领先价格,-0.08176708762739457,0.06927957997606138,-1.1802480277110237,0.23790158221704794,1403,0.015474702293288178,0.411383544840925,0.3358326099230992,-0.21755506438047487,0.05402088912568573
黄瓜,8,成交量领先价格,-0.076043105409174,0.06826293271840404,-1.1139736073582491,0.26529050936418963,1402,0.013842581759901718,0.4309499586764503,0.3358326099230992,-0.20983845353724592,0.05775224271889792
黄瓜,9,成交量领先价格,-0.07450665295885332,0.06740045283003371,-1.105432527979294,0.26897221558771556,1401,0.013410895300000947,0.4309499586764503,0.3358326099230992,-0.2066115405057194,0.057598234588012734
黄瓜,10,成交量领先价格,-0.0745263340660499,0.06723863515049489,-1.1083855866384489,0.2676953269520771,1400,0.01340718415494535,0.4309499586764503,0.3358326099230992,-0.2063140589610199,0.05726139082892008
黄瓜,11,成交量领先价格,-0.07078615664684415,0.06553330301725681,-1.0801554841239136,0.2800729478224476,1399,0.012413838023784707,0.43132320661410656,0.3358326099230992,-0.1992314305606675,0.0576591172669792
黄瓜,12,成交量领先价格,-0.06564156797434761,0.06433786768622754,-1.020263343113548,0.3076035833861832,1398,0.01112996138529354,0.44612837008984835,0.3358326099230992,-0.1917437886393536,0.06046065269065837
黄瓜,13,成交量领先价格,-0.0642708440447286,0.0628807747189719,-1.0221064281088972,0.30673053110342885,1397,0.010788437762534686,0.44612837008984835,0.3358326099230992,-0.18751716249391354,0.058975474404456316
黄瓜,14,成交量领先价格,-0.06756547455320545,0.06268581151025442,-1.0778431821394352,0.28110374500022806,1396,0.011580693504778528,0.43132320661410656,0.3358326099230992,-0.19042966511330411,0.055298716006893206
