target_kind,target,feature_set,model,split,stratum,stratum_value,n,mae,rmse,r2,bias,nrmse_sd,mape
hist,price,F_wx,baseline_mean,valid,overall,all,2500,1.0055144065576065,1.3079140859800544,-0.12660650405828222,0.23031757455333618,1.0612049102113403,
hist,price,F_wx,baseline_seasonal_naive,valid,overall,all,2500,1.2555559339475877,1.6934913628719555,-0.8887731136739854,0.03636474551644707,1.3740515290295758,
hist,price,F_wx,baseline_persistence,valid,overall,all,2500,0.1467339716359376,0.2537200153699869,0.9576041567197037,-0.008765897867382048,0.2058613245439371,
hist,price,F_wx,elasticnet,valid,overall,all,2500,1.2963104670309085,1.6277719822488899,-0.7450222064598533,0.28946752943815823,1.320728661602098,
hist,price,F_wx,gam,valid,overall,all,2500,1.3612783235823045,1.705064428914854,-0.9146765067165854,0.27350716602336345,1.383441591146478,
hist,price,F_wx,lightgbm,valid,overall,all,2500,1.4124229765652818,1.7517622740192815,-1.020989970584603,0.546898277634301,1.4213309166398826,
hist,price,F_lag,baseline_mean,valid,overall,all,2500,1.0055144065576065,1.3079140859800544,-0.12660650405828222,0.23031757455333618,1.0612049102113403,
hist,price,F_lag,baseline_seasonal_naive,valid,overall,all,2500,1.2555559339475877,1.6934913628719555,-0.8887731136739854,0.03636474551644707,1.3740515290295758,
hist,price,F_lag,baseline_persistence,valid,overall,all,2500,0.1467339716359376,0.2537200153699869,0.9576041567197037,-0.008765897867382048,0.2058613245439371,
hist,price,F_lag,elasticnet,valid,overall,all,2500,0.15710916380970696,0.25698004791830853,0.9565076743128168,-0.002442836519573634,0.20850642377852127,
hist,price,F_lag,gam,valid,overall,all,2500,0.16866987659903743,0.2635969127426173,0.9542391103645377,-0.018589376869611287,0.2138751628394662,
hist,price,F_lag,lightgbm,valid,overall,all,2500,0.18791754439443448,0.29216945723981785,0.9437809571188162,-0.02783975302745742,0.23705812634042173,
hist,price,F_now,baseline_mean,valid,overall,all,2500,1.0055144065576065,1.3079140859800544,-0.12660650405828222,0.23031757455333618,1.0612049102113403,
hist,price,F_now,baseline_seasonal_naive,valid,overall,all,2500,1.2555559339475877,1.6934913628719555,-0.8887731136739854,0.03636474551644707,1.3740515290295758,
hist,price,F_now,baseline_persistence,valid,overall,all,2500,0.1467339716359376,0.2537200153699869,0.9576041567197037,-0.008765897867382048,0.2058613245439371,
hist,price,F_now,elasticnet,valid,overall,all,2500,0.15848553693770145,0.25848266280597465,0.9559975702756119,-0.01540542648759874,0.20972560347391625,
hist,price,F_now,gam,valid,overall,all,2500,0.17431731747351256,0.266988998036992,0.9530537884942045,-0.022655284462811547,0.216627405979006,
hist,price,F_now,lightgbm,valid,overall,all,2500,0.1985244979600963,0.3059227458947094,0.9383635868620638,-0.03169199766863477,0.24821716010920966,
hist,volume,F_wx,baseline_mean,valid,overall,all,2500,1.0373632618918258,1.3052572703361678,-0.6617114669158193,0.23389273849993653,1.288816038978819,
hist,volume,F_wx,baseline_seasonal_naive,valid,overall,all,2500,1.0254639473659477,1.379224766349097,-0.8553825557219827,0.15502076533390233,1.3618518284672874,
hist,volume,F_wx,baseline_persistence,valid,overall,all,2500,0.3616238531497471,0.5978524913627263,0.651380671776975,-0.0008836874840582368,0.5903218448369802,
hist,volume,F_wx,elasticnet,valid,overall,all,2500,1.005699900639326,1.2422724566200218,-0.5052099740503446,0.07752105562156336,1.2266245921473793,
hist,volume,F_wx,gam,valid,overall,all,2500,1.0321643668163483,1.2771788305604281,-0.5909876109430898,0.030576839943009963,1.261091279764757,
hist,volume,F_wx,lightgbm,valid,overall,all,2500,0.7902521030732359,0.9958214727446517,0.03277759457678864,-0.24586182318540567,0.9832779446631772,
hist,volume,F_lag,baseline_mean,valid,overall,all,2500,1.0373632618918258,1.3052572703361678,-0.6617114669158193,0.23389273849993653,1.288816038978819,
hist,volume,F_lag,baseline_seasonal_naive,valid,overall,all,2500,1.0254639473659477,1.379224766349097,-0.8553825557219827,0.15502076533390233,1.3618518284672874,
hist,volume,F_lag,baseline_persistence,valid,overall,all,2500,0.3616238531497471,0.5978524913627263,0.651380671776975,-0.0008836874840582368,0.5903218448369802,
hist,volume,F_lag,elasticnet,valid,overall,all,2500,0.4032368571614508,0.5844322754187644,0.6668561818745509,0.009816846698658852,0.5770706721002195,
hist,volume,F_lag,gam,valid,overall,all,2500,0.42111856863732167,0.5939372118264822,0.6559318702843822,-0.015340826770824222,0.5864558827940357,
hist,volume,F_lag,lightgbm,valid,overall,all,2500,0.43531871846703096,0.6027753800553982,0.6456157713263024,-0.05972689545969056,0.5951827240287039,
hist,volume,F_now,baseline_mean,valid,overall,all,2500,1.0373632618918258,1.3052572703361678,-0.6617114669158193,0.23389273849993653,1.288816038978819,
hist,volume,F_now,baseline_seasonal_naive,valid,overall,all,2500,1.0254639473659477,1.379224766349097,-0.8553825557219827,0.15502076533390233,1.3618518284672874,
hist,volume,F_now,baseline_persistence,valid,overall,all,2500,0.3616238531497471,0.5978524913627263,0.651380671776975,-0.0008836874840582368,0.5903218448369802,
hist,volume,F_now,elasticnet,valid,overall,all,2500,0.4079706190180261,0.5857935448389888,0.6653024461916336,0.018471336594383363,0.5784147947510014,
hist,volume,F_now,gam,valid,overall,all,2500,0.4431492645158479,0.620419170740891,0.6245658338812349,-0.05010843061856655,0.6126042706775049,
hist,volume,F_now,lightgbm,valid,overall,all,2500,0.4327080027452237,0.5890687336746602,0.6615493760599613,-0.07676338812137247,0.5816487287792029,
strict,price,F_wx,baseline_mean,valid,overall,all,2500,0.2593957228366623,0.3282610710683079,-0.034140899530837876,0.09320493134940562,1.0167237791903097,
strict,price,F_wx,baseline_seasonal_naive,valid,overall,all,2500,0.3022440254275648,0.4074836676753306,-0.5935341063270985,0.04810568190680616,1.2621001119897612,
strict,price,F_wx,baseline_persistence,valid,overall,all,2500,0.03323379036974351,0.05343893526185494,0.9725933128002215,-0.0021967889807337493,0.16551653852379397,
strict,price,F_wx,elasticnet,valid,overall,all,2500,0.31346791178352273,0.3931461086866604,-0.4833680239312945,0.08945284700733859,1.2176923571747185,
strict,price,F_wx,gam,valid,overall,all,2500,0.3452628990805825,0.4296450119692005,-0.7715788972153939,0.09242676479262411,1.3307404952343291,
strict,price,F_wx,lightgbm,valid,overall,all,2500,0.34978995210379277,0.4377129207267962,-0.8387372882582778,0.15328648091641334,1.3557292478009664,
strict,price,F_lag,baseline_mean,valid,overall,all,2500,0.2593957228366623,0.3282610710683079,-0.034140899530837876,0.09320493134940562,1.0167237791903097,
strict,price,F_lag,baseline_seasonal_naive,valid,overall,all,2500,0.3022440254275648,0.4074836676753306,-0.5935341063270985,0.04810568190680616,1.2621001119897612,
strict,price,F_lag,baseline_persistence,valid,overall,all,2500,0.03323379036974351,0.05343893526185494,0.9725933128002215,-0.0021967889807337493,0.16551653852379397,
strict,price,F_lag,elasticnet,valid,overall,all,2500,0.03923410078662657,0.057656037740239974,0.9680970725132887,0.0046642865183718,0.17857817984209773,
strict,price,F_lag,gam,valid,overall,all,2500,0.047723769543092195,0.06516559267948176,0.959245304830756,-0.007953108856736005,0.20183754182801644,
strict,price,F_lag,lightgbm,valid,overall,all,2500,0.05642332727662873,0.07920056738228681,0.9397998552165655,-1.7099434109938196e-05,0.2453081016304213,
strict,price,F_now,baseline_mean,valid,overall,all,2500,0.2593957228366623,0.3282610710683079,-0.034140899530837876,0.09320493134940562,1.0167237791903097,
strict,price,F_now,baseline_seasonal_naive,valid,overall,all,2500,0.3022440254275648,0.4074836676753306,-0.5935341063270985,0.04810568190680616,1.2621001119897612,
strict,price,F_now,baseline_persistence,valid,overall,all,2500,0.03323379036974351,0.05343893526185494,0.9725933128002215,-0.0021967889807337493,0.16551653852379397,
strict,price,F_now,elasticnet,valid,overall,all,2500,0.03990449249782751,0.05836321401261746,0.9673096665657203,0.0031710136668129936,0.18076851855593118,
strict,price,F_now,gam,valid,overall,all,2500,0.051107799987974385,0.0691171206108842,0.9541528625634667,-0.007207952917067727,0.2140766184840343,
strict,price,F_now,lightgbm,valid,overall,all,2500,0.055080252759448174,0.08016187623451461,0.9383296096715974,-0.003952556024767743,0.2482855657751196,
strict,volume,F_wx,baseline_mean,valid,overall,all,2500,0.05647682249824478,0.0802310694276838,0.4081710983230389,0.019105653223987464,0.7691502909810868,
strict,volume,F_wx,baseline_seasonal_naive,valid,overall,all,2500,0.060849519510750086,0.08318104174717932,0.3638497269791856,0.002438114479509611,0.7974307574401718,
strict,volume,F_wx,baseline_persistence,valid,overall,all,2500,0.028351382446232195,0.04339365721644878,0.8268735133676391,-0.00018075291593806488,0.4160014856195923,
strict,volume,F_wx,elasticnet,valid,overall,all,2500,0.06142834724390867,0.08137919095586148,0.3911115394065561,-0.006504490770473367,0.7801569747231685,
strict,volume,F_wx,gam,valid,overall,all,2500,0.07549364077100415,0.09499860642388648,0.17025340925869625,-0.012884477127280948,0.9107220718226869,
strict,volume,F_wx,lightgbm,valid,overall,all,2500,0.0553254302596969,0.07339987632470538,0.5046619797997338,-0.017794067975777327,0.7036617688862925,
strict,volume,F_lag,baseline_mean,valid,overall,all,2500,0.05647682249824478,0.0802310694276838,0.4081710983230389,0.019105653223987464,0.7691502909810868,
strict,volume,F_lag,baseline_seasonal_naive,valid,overall,all,2500,0.060849519510750086,0.08318104174717932,0.3638497269791856,0.002438114479509611,0.7974307574401718,
strict,volume,F_lag,baseline_persistence,valid,overall,all,2500,0.028351382446232195,0.04339365721644878,0.8268735133676391,-0.00018075291593806488,0.4160014856195923,
strict,volume,F_lag,elasticnet,valid,overall,all,2500,0.03022989188844889,0.041978293629743174,0.8379830061617836,0.0005278436967210442,0.40243283544050074,
strict,volume,F_lag,gam,valid,overall,all,2500,0.03670304513863422,0.04720480258155596,0.7951276358520835,0.0021008469719140917,0.4525377500300471,
strict,volume,F_lag,lightgbm,valid,overall,all,2500,0.03509558167761843,0.04753755445994296,0.7922291198087525,-0.0044419746906980695,0.45572773872035804,
strict,volume,F_now,baseline_mean,valid,overall,all,2500,0.05647682249824478,0.0802310694276838,0.4081710983230389,0.019105653223987464,0.7691502909810868,
strict,volume,F_now,baseline_seasonal_naive,valid,overall,all,2500,0.060849519510750086,0.08318104174717932,0.3638497269791856,0.002438114479509611,0.7974307574401718,
strict,volume,F_now,baseline_persistence,valid,overall,all,2500,0.028351382446232195,0.04339365721644878,0.8268735133676391,-0.00018075291593806488,0.4160014856195923,
strict,volume,F_now,elasticnet,valid,overall,all,2500,0.03024892764831539,0.041934918868213183,0.8383176466271726,0.0005333623067055239,0.40201701510194604,
strict,volume,F_now,gam,valid,overall,all,2500,0.0454401791219992,0.06327620579889509,0.6318779198346844,-0.004445931327105422,0.6066092905101679,
strict,volume,F_now,lightgbm,valid,overall,all,2500,0.03876642541250144,0.05372774008394998,0.7345955778986618,-0.010172625590723046,0.5150711216254485,
hist,price,F_wx,baseline_mean,test,overall,all,1750,0.6396194859700947,0.8943124944905096,-0.19208446327515816,-0.1091122669284342,1.0915142106969047,
hist,price,F_wx,baseline_seasonal_naive,test,overall,all,1750,0.8236790491187337,1.1068720553406843,-0.8260946217450298,-0.10789611529451515,1.3509445359096106,
hist,price,F_wx,baseline_persistence,test,overall,all,1750,0.12122706492123819,0.19660136145322618,0.9423895227469679,0.008560570917979954,0.2399532391536237,
hist,price,F_wx,elasticnet,test,overall,all,1750,0.778456850213141,0.9812415646369087,-0.4350938511840534,0.15746098381536464,1.197611705668747,
hist,price,F_wx,gam,test,overall,all,1750,0.7969710678020767,1.0169646906002783,-0.5414881116470984,0.0597033821078918,1.241212013033062,
hist,price,F_wx,lightgbm,test,overall,all,1750,0.8561021916391985,1.0381167278234715,-0.6062783631216957,0.28305225605132706,1.2670282119082197,
hist,price,F_lag,baseline_mean,test,overall,all,1750,0.6396194859700947,0.8943124944905096,-0.19208446327515816,-0.1091122669284342,1.0915142106969047,
hist,price,F_lag,baseline_seasonal_naive,test,overall,all,1750,0.8236790491187337,1.1068720553406843,-0.8260946217450298,-0.10789611529451515,1.3509445359096106,
hist,price,F_lag,baseline_persistence,test,overall,all,1750,0.12122706492123819,0.19660136145322618,0.9423895227469679,0.008560570917979954,0.2399532391536237,
hist,price,F_lag,elasticnet,test,overall,all,1750,0.1292089307172079,0.19799476160009957,0.9415700073886489,0.014523674812016541,0.24165389308708568,
hist,price,F_lag,gam,test,overall,all,1750,0.13912789547515533,0.20643205404518633,0.9364840645193445,-0.0035398863610841655,0.2519516633411672,
hist,price,F_lag,lightgbm,test,overall,all,1750,0.14453910540535428,0.21333637377639394,0.9321643097116622,0.001102307064415101,0.26037843043682485,
hist,price,F_now,baseline_mean,test,overall,all,1750,0.6396194859700947,0.8943124944905096,-0.19208446327515816,-0.1091122669284342,1.0915142106969047,
hist,price,F_now,baseline_seasonal_naive,test,overall,all,1750,0.8236790491187337,1.1068720553406843,-0.8260946217450298,-0.10789611529451515,1.3509445359096106,
hist,price,F_now,baseline_persistence,test,overall,all,1750,0.12122706492123819,0.19660136145322618,0.9423895227469679,0.008560570917979954,0.2399532391536237,
hist,price,F_now,elasticnet,test,overall,all,1750,0.12873175943410106,0.1969611546933035,0.9421784679833171,0.0018012971505149333,0.24039236914104584,
hist,price,F_now,gam,test,overall,all,1750,0.15321647829428203,0.22542870242235086,0.9242562411610044,0.004679381274003979,0.27513719612420207,
hist,price,F_now,lightgbm,test,overall,all,1750,0.13923494970780592,0.20771281440954983,0.9356934794747336,-0.005431004509155605,0.2535148396881515,
hist,volume,F_wx,baseline_mean,test,overall,all,1750,0.9428727273094138,1.0960412120494296,-1.0641082202463568,0.21731498778042707,1.4362899184478,
hist,volume,F_wx,baseline_seasonal_naive,test,overall,all,1750,0.9680823744284746,1.1869822074301857,-1.4208457205065272,0.16237553784644146,1.555462111430172,
hist,volume,F_wx,baseline_persistence,test,overall,all,1750,0.23076717952997075,0.4282567720719965,0.6848718692749114,0.0006091403009943799,0.5612023320581726,
hist,volume,F_wx,elasticnet,test,overall,all,1750,0.9228471716568248,1.0999897784823136,-1.0790072026996427,-0.10032566179595304,1.4414642550489467,
hist,volume,F_wx,gam,test,overall,all,1750,0.9999463517392407,1.2184901576211589,-1.5510721750829641,-0.09931049182981172,1.596751207782335,
hist,volume,F_wx,lightgbm,test,overall,all,1750,0.7229433170379245,0.9209693617828723,-0.45736743200771945,-0.24298164886111726,1.2068697736781715,
hist,volume,F_lag,baseline_mean,test,overall,all,1750,0.9428727273094138,1.0960412120494296,-1.0641082202463568,0.21731498778042707,1.4362899184478,
hist,volume,F_lag,baseline_seasonal_naive,test,overall,all,1750,0.9680823744284746,1.1869822074301857,-1.4208457205065272,0.16237553784644146,1.555462111430172,
hist,volume,F_lag,baseline_persistence,test,overall,all,1750,0.23076717952997075,0.4282567720719965,0.6848718692749114,0.0006091403009943799,0.5612023320581726,
hist,volume,F_lag,elasticnet,test,overall,all,1750,0.2880048947406076,0.4225184102434855,0.6932603137949314,0.010326298379974848,0.5536825863113088,
hist,volume,F_lag,gam,test,overall,all,1750,0.3107721541169899,0.43777522340581865,0.6707080973148054,-0.0061880187932800024,0.5736756364738355,
hist,volume,F_lag,lightgbm,test,overall,all,1750,0.3382098197038067,0.43760387584530913,0.6709658200866823,-0.020633272181235125,0.5734510967658347,
hist,volume,F_now,baseline_mean,test,overall,all,1750,0.9428727273094138,1.0960412120494296,-1.0641082202463568,0.21731498778042707,1.4362899184478,
hist,volume,F_now,baseline_seasonal_naive,test,overall,all,1750,0.9680823744284746,1.1869822074301857,-1.4208457205065272,0.16237553784644146,1.555462111430172,
hist,volume,F_now,baseline_persistence,test,overall,all,1750,0.23076717952997075,0.4282567720719965,0.6848718692749114,0.0006091403009943799,0.5612023320581726,
hist,volume,F_now,elasticnet,test,overall,all,1750,0.2936470228082849,0.42561829433217235,0.6887428986010187,0.01894803189751663,0.5577447805207879,
hist,volume,F_now,gam,test,overall,all,1750,0.35818098227872536,0.5244692534107894,0.5273727465432675,-0.04820886688238475,0.6872824606669892,
hist,volume,F_now,lightgbm,test,overall,all,1750,0.3390588362792682,0.4390431791437324,0.6687978374797052,-0.003015655212225119,0.5753372090710906,
strict,price,F_wx,baseline_mean,test,overall,all,1750,0.16571222586771325,0.21117591437562738,0.09123487479630854,0.03492230311390039,0.9530193234381097,
strict,price,F_wx,baseline_seasonal_naive,test,overall,all,1750,0.2331904365542284,0.3026475569052487,-0.8665396955573108,0.03164716346237594,1.3658232321371475,
strict,price,F_wx,baseline_persistence,test,overall,all,1750,0.04021739959202181,0.06914568036896217,0.9025699345889421,0.0023848871567082757,0.3120486998658477,
strict,price,F_wx,elasticnet,test,overall,all,1750,0.2174016249920801,0.27281052404120626,-0.516649146965616,0.07204815192659617,1.2311711864359915,
strict,price,F_wx,gam,test,overall,all,1750,0.23383977275100964,0.29569382074863904,-0.7817525272754948,0.05474460891031882,1.3344415996866237,
strict,price,F_wx,lightgbm,test,overall,all,1750,0.24025589078223675,0.29564226674084776,-0.7811312868594162,0.08906797720699931,1.334208940740782,
strict,price,F_lag,baseline_mean,test,overall,all,1750,0.16571222586771325,0.21117591437562738,0.09123487479630854,0.03492230311390039,0.9530193234381097,
strict,price,F_lag,baseline_seasonal_naive,test,overall,all,1750,0.2331904365542284,0.3026475569052487,-0.8665396955573108,0.03164716346237594,1.3658232321371475,
strict,price,F_lag,baseline_persistence,test,overall,all,1750,0.04021739959202181,0.06914568036896217,0.9025699345889421,0.0023848871567082757,0.3120486998658477,
strict,price,F_lag,elasticnet,test,overall,all,1750,0.044248968753453743,0.06924318590498334,0.9022949595253722,0.007570940185713663,0.31248873423361695,
strict,price,F_lag,gam,test,overall,all,1750,0.05659786422277508,0.08181756436874688,0.8635869311684401,-0.010575398639412587,0.36923585755789384,
strict,price,F_lag,lightgbm,test,overall,all,1750,0.05480087210904939,0.07818916285774877,0.8754177953022562,0.006133013344569489,0.3528611835644267,
strict,price,F_now,baseline_mean,test,overall,all,1750,0.16571222586771325,0.21117591437562738,0.09123487479630854,0.03492230311390039,0.9530193234381097,
strict,price,F_now,baseline_seasonal_naive,test,overall,all,1750,0.2331904365542284,0.3026475569052487,-0.8665396955573108,0.03164716346237594,1.3658232321371475,
strict,price,F_now,baseline_persistence,test,overall,all,1750,0.04021739959202181,0.06914568036896217,0.9025699345889421,0.0023848871567082757,0.3120486998658477,
strict,price,F_now,elasticnet,test,overall,all,1750,0.04405984980026808,0.06906817270189927,0.902788237297831,0.005368324719916164,0.3116989142160782,
strict,price,F_now,gam,test,overall,all,1750,0.05914082295068743,0.08460155556765647,0.8541455840614572,-0.00990883583738754,0.38179977810104404,
strict,price,F_now,lightgbm,test,overall,all,1750,0.05184261107226201,0.07656295455775806,0.88054612170443,0.006125450441192963,0.3455222408710385,
strict,volume,F_wx,baseline_mean,test,overall,all,1750,0.046583435634024714,0.059175701055949645,0.5145422338162073,0.012992137515649368,0.696548894009583,
strict,volume,F_wx,baseline_seasonal_naive,test,overall,all,1750,0.06532481181960453,0.08687071303380636,-0.04619201779415749,-0.0023632188085613037,1.02254300339105,
strict,volume,F_wx,baseline_persistence,test,overall,all,1750,0.01881529057909841,0.03197814092888266,0.858234336777375,-2.5398840305151843e-05,0.3764102207329285,
strict,volume,F_wx,elasticnet,test,overall,all,1750,0.05987037170362812,0.0804452501547814,0.10284921237470157,-0.019551207462097684,0.9469097792463491,
strict,volume,F_wx,gam,test,overall,all,1750,0.08502794862660377,0.10868533053158057,-0.6375949510854395,-0.034362129703695746,1.2793198124558072,
strict,volume,F_wx,lightgbm,test,overall,all,1750,0.06131722823035701,0.08008121189241992,0.11095057918668128,-0.02447260577134661,0.9426247358163554,
strict,volume,F_lag,baseline_mean,test,overall,all,1750,0.046583435634024714,0.059175701055949645,0.5145422338162073,0.012992137515649368,0.696548894009583,
strict,volume,F_lag,baseline_seasonal_naive,test,overall,all,1750,0.06532481181960453,0.08687071303380636,-0.04619201779415749,-0.0023632188085613037,1.02254300339105,
strict,volume,F_lag,baseline_persistence,test,overall,all,1750,0.01881529057909841,0.03197814092888266,0.858234336777375,-2.5398840305151843e-05,0.3764102207329285,
strict,volume,F_lag,elasticnet,test,overall,all,1750,0.021587768232978005,0.031206240122472605,0.8649957247990908,0.0008868238980210197,0.36732428438750736,
strict,volume,F_lag,gam,test,overall,all,1750,0.03289574732921562,0.04275477056458245,0.7465841408851348,0.004077047614154734,0.5032604197157907,
strict,volume,F_lag,lightgbm,test,overall,all,1750,0.03087629603877075,0.041297131842039404,0.763569004902886,-0.004673767443898845,0.4861027583457474,
strict,volume,F_now,baseline_mean,test,overall,all,1750,0.046583435634024714,0.059175701055949645,0.5145422338162073,0.012992137515649368,0.696548894009583,
strict,volume,F_now,baseline_seasonal_naive,test,overall,all,1750,0.06532481181960453,0.08687071303380636,-0.04619201779415749,-0.0023632188085613037,1.02254300339105,
strict,volume,F_now,baseline_persistence,test,overall,all,1750,0.01881529057909841,0.03197814092888266,0.858234336777375,-2.5398840305151843e-05,0.3764102207329285,
strict,volume,F_now,elasticnet,test,overall,all,1750,0.021694624691403826,0.031236489743645995,0.8647338664345239,0.0010375591705264876,0.367680348444148,
strict,volume,F_now,gam,test,overall,all,1750,0.03905244149668877,0.05435866390970341,0.5903601703080996,0.0034929227501057565,0.6398482240259945,
strict,volume,F_now,lightgbm,test,overall,all,1750,0.031081872476246337,0.041669577333179816,0.7592851848926324,-0.004414557488962783,0.49048676208889574,
