scope,response,crop,hazard,hazard_label,window_days,beta_hazard,p_hazard,beta_interaction,p_interaction,n,r2,slope_in_window,slope_out_window,fdr_p_interaction,sig_fdr05
all,price,土豆,precip_3d,3日累计降水,300,-0.03281293864612367,0.4934077510749627,-0.038372289526956656,0.8110275646123066,1410,0.0035106023240487616,-0.07171955953116481,-0.03210485841139736,0.9950342515612569,False
all,price,土豆,soil_z,土壤水分异常,300,0.08804615454149076,0.22567402930092018,-0.19581785489888942,0.2064437894484975,1410,0.009474129942570686,-0.10709410014847767,0.0887391022881907,0.9362359353377184,False
all,price,土豆,temp_max,日最高气温,300,-0.00935009466703865,0.9200337851509489,0.1284590744861605,0.7877448307317607,1410,0.0027737528206772666,0.12489398083041314,-0.00793157082189598,0.9950342515612569,False
all,price,土豆,vpd,饱和水汽压差VPD,300,-0.00011072685650941527,0.999097948199748,0.2051977430967813,0.41107474334055216,1410,0.008505860644517416,0.2076698798023949,-9.709561781958491e-05,0.9735980763328868,False
all,price,土豆,wind,风速,300,0.2026615186063755,0.001030092646306562,0.22486992486166324,0.13311259030151107,1410,0.06648150117568963,0.42900685270589056,0.2012993013041119,0.9362359353377184,False
all,price,尖椒,precip_3d,3日累计降水,924,-0.20306824916340155,0.6895273309694521,0.2519100376643452,0.6234366358056816,1410,0.011474722008523841,0.04474718635334093,-0.19200519398912483,0.9950342515612569,False
all,price,尖椒,soil_z,土壤水分异常,924,-0.8499971962411174,0.012094468002834443,1.091987151840529,0.0015259244163468946,1410,0.08784341211667646,0.24037941812299182,-0.8611999016356708,0.13733319747122053,False
all,price,尖椒,temp_max,日最高气温,924,-0.09468464008485193,0.7912499461742674,0.0027077535656910984,0.995034251561257,1410,0.01048843406599953,-0.10368885276247364,-0.12040161317088026,0.9950342515612569,False
all,price,尖椒,vpd,饱和水汽压差VPD,924,0.06671932208477813,0.9233547128209006,-0.2390089968119708,0.7350475596292667,1410,0.016979070837477184,-0.17379776002996875,0.03222239200044928,0.9950342515612569,False
all,price,尖椒,wind,风速,924,0.17786076951421081,0.2212193350197208,-0.15662047327647027,0.3458494279344202,1410,0.014349937394668277,0.02676843016811821,0.1750515771226947,0.9735980763328868,False
all,price,甘蓝,precip_3d,3日累计降水,445,0.0430501928540505,0.4557362916325668,-0.1690645725652916,0.2629917810993869,1410,0.0031593253017340173,-0.13128712564846257,0.04271644635046638,0.9735980763328868,False
all,price,甘蓝,soil_z,土壤水分异常,445,0.09226990868297985,0.4474286934760622,-0.1525904785649084,0.39495292685085404,1410,0.003941017188782481,-0.06277233938765284,0.09178685483324742,0.9735980763328868,False
all,price,甘蓝,temp_max,日最高气温,445,0.04001302929922313,0.7947614369914531,-0.14684784332987527,0.731498788460137,1410,0.0024973314866444385,-0.10334605343033007,0.035214818082882994,0.9950342515612569,False
all,price,甘蓝,vpd,饱和水汽压差VPD,445,-0.00970000503233141,0.9532108868373772,-0.03511640254040843,0.8895438809014855,1410,0.0014015234519190178,-0.043184240075068846,-0.01417545182602357,0.9950342515612569,False
all,price,甘蓝,wind,风速,445,0.15124677995807634,0.07324457052387055,-0.013941451599191333,0.9144136035565908,1410,0.01157497263339935,0.13811981215877714,0.1521090873357519,0.9950342515612569,False
all,price,芸豆,precip_3d,3日累计降水,374,0.04812131290458284,0.7350251046368447,-0.09220827544304712,0.5426476815524974,1410,0.014983406815711864,-0.04340244173650463,0.042179612664604585,0.9950342515612569,False
all,price,芸豆,soil_z,土壤水分异常,374,0.050939025605650445,0.6799779300154749,-0.05716127060973397,0.6888599336694186,1410,0.01479843037396511,-0.006920086737123957,0.04447988365491313,0.9950342515612569,False
all,price,芸豆,temp_max,日最高气温,374,-0.03533249207272129,0.7027982093602629,-0.6739495700235049,0.19581418172954068,1410,0.021413409518178383,-0.7476063679986596,-0.03662178991588056,0.9362359353377184,False
all,price,芸豆,vpd,饱和水汽压差VPD,374,-0.030475837491364073,0.7024563716249572,-0.17876853303379636,0.19427527802448608,1410,0.01801536033106388,-0.21852016469318705,-0.028358610999752534,0.9362359353377184,False
all,price,芸豆,wind,风速,374,0.19062806705937496,0.011884449472105143,-0.277039464706884,0.012320255657126931,1410,0.03507294439120823,-0.08136813719030224,0.19193051849809556,0.5544115045707119,False
all,price,芹菜,precip_3d,3日累计降水,488,0.0446593427501393,0.44067821871740176,-0.11947663028366856,0.34740599081039225,1410,0.010398145569685546,-0.08729915905512692,0.04372481837107329,0.9735980763328868,False
all,price,芹菜,soil_z,土壤水分异常,488,0.20706549604865093,0.03617024348827295,-0.3165044460972428,0.031173503697473577,1410,0.025248265356031085,-0.11495071865862626,0.20576896053629065,0.5611230665545244,False
all,price,芹菜,temp_max,日最高气温,488,0.07722087912778187,0.4818416851330325,0.020005231820731564,0.9525984793303344,1410,0.01245544907027285,0.10499092108077004,0.06647268987102403,0.9950342515612569,False
all,price,芹菜,vpd,饱和水汽压差VPD,488,0.009022316256967892,0.9396341112468226,0.00786578213100236,0.968660050483145,1410,0.008758366582794053,0.020485292681962326,-0.0017627385584751416,0.9950342515612569,False
all,price,芹菜,wind,风速,488,0.04526098052835958,0.5686964257610392,-0.04444925400310468,0.7049948971686002,1410,0.009460441987756307,0.001832441939371747,0.048045989038279384,0.9950342515612569,False
all,price,茄子,precip_3d,3日累计降水,285,0.023340886643199363,0.6506430081718679,0.0882596733854211,0.290469266204041,1410,0.003571999856854746,0.10732534502030505,0.022239397470034252,0.9735980763328868,False
all,price,茄子,soil_z,土壤水分异常,285,0.2541698495859957,0.048147890046978475,-0.1729398579684926,0.2108460801312172,1410,0.03739146515823555,0.0787317811883478,0.2527379044242136,0.9362359353377184,False
all,price,茄子,temp_max,日最高气温,285,-0.008320614257972557,0.9390084827400429,-0.018427019256875267,0.9335179492148528,1410,0.0019163514847971852,-0.031591286547634385,-0.011309190120675472,0.9950342515612569,False
all,price,茄子,vpd,饱和水汽压差VPD,285,-0.07762075357822007,0.5325821614308808,-0.001266078168983449,0.9927965687837603,1410,0.005392879699159248,-0.07648818949257867,-0.08036687607972853,0.9950342515612569,False
all,price,茄子,wind,风速,285,0.1266585326814786,0.12944595942926754,-0.11532655742833653,0.21845505157880096,1410,0.012207846652806498,0.016183889495036508,0.12695694734984037,0.9362359353377184,False
all,price,西红柿,precip_3d,3日累计降水,760,-0.12288313881044927,0.6576646614215329,0.14303875802032942,0.6125051797862662,1410,0.00695716600449825,0.01612390227808668,-0.11665071140609815,0.9950342515612569,False
all,price,西红柿,soil_z,土壤水分异常,760,0.01107870674715992,0.9720670269004259,0.0191187007139239,0.9517274182302612,1410,0.006527174265979707,0.028821261395965542,0.005174632273245956,0.9950342515612569,False
all,price,西红柿,temp_max,日最高气温,760,-0.14357643586993132,0.5681890909184559,0.04872061505748364,0.8949925535811327,1410,0.009439832078357635,-0.12296917955008335,-0.15650047210150128,0.9950342515612569,False
all,price,西红柿,vpd,饱和水汽压差VPD,760,-0.1641209459135051,0.6716674211160534,0.14860663923709935,0.7126789816429397,1410,0.0074665368951091216,-0.020099787655152527,-0.18039135167822712,0.9950342515612569,False
all,price,西红柿,wind,风速,760,-0.06001303437764897,0.6783056962111961,0.07940683464383089,0.6035649622271658,1410,0.007286428462705663,0.024344236985658057,-0.06196776318727499,0.9950342515612569,False
all,price,青椒,precip_3d,3日累计降水,1068,0.09181122739842291,0.3357434548057363,-0.055297811506754245,0.6176358847996162,1410,0.008116773533654476,0.03417408325790833,0.08689771818970621,0.9950342515612569,False
all,price,青椒,soil_z,土壤水分异常,1068,0.3401905734054959,0.04045985606876856,-0.23022212755499238,0.21630648457608348,1410,0.030452144880421583,0.10721703419843347,0.3359144523145781,0.9362359353377184,False
all,price,青椒,temp_max,日最高气温,1068,-0.008289575059886187,0.9797899079718371,0.05160276048545895,0.880806833888536,1410,0.006863504113491015,0.037728375334810146,-0.03766396441942695,0.9950342515612569,False
all,price,青椒,vpd,饱和水汽压差VPD,1068,-0.2000071158202976,0.19448456658526747,0.2037988066996446,0.256189532607108,1410,0.008716421654300532,0.003221964960781327,-0.2118601892026505,0.9735980763328868,False
all,price,青椒,wind,风速,1068,0.10108947913597113,0.34922807553275026,0.0981146630850045,0.4643701087392007,1410,0.026936293767181763,0.2024653306839606,0.10233060704085394,0.9950342515612569,False
all,price,黄瓜,precip_3d,3日累计降水,734,-0.11041615513852224,0.6904218244086242,0.23660821597594572,0.40834131815632235,1410,0.011940201016538254,0.12512186874785275,-0.10957479943036318,0.9735980763328868,False
all,price,黄瓜,soil_z,土壤水分异常,734,-0.04899770951363993,0.800837465457028,0.23809538297006166,0.27462253543128157,1410,0.014955555930923126,0.1851977386939662,-0.04974761013541624,0.9735980763328868,False
all,price,黄瓜,temp_max,日最高气温,734,-0.18632487540202072,0.18186042112169032,0.21507111953808078,0.3011597930253612,1410,0.011044742940055863,0.022321441059930627,-0.18332219169851136,0.9735980763328868,False
all,price,黄瓜,vpd,饱和水汽压差VPD,734,-0.12034287167592667,0.2917104504154163,0.10475621994591587,0.4875734228220229,1410,0.007047371695388827,-0.018600817813146632,-0.1165864852227926,0.9950342515612569,False
all,price,黄瓜,wind,风速,734,-0.1274643953489473,0.2677277120844509,0.02751639095054613,0.8488633847891123,1410,0.010463084504912956,-0.09555608787675568,-0.12852726538450554,0.9950342515612569,False
all,volume,土豆,precip_3d,3日累计降水,300,0.014560109766983097,0.765744683881456,-0.024325983691659628,0.8595843324249209,1410,0.002377605549751305,-0.010544379058848528,0.01559176192402014,0.9950342515612569,False
all,volume,土豆,soil_z,土壤水分异常,300,-0.06039999593783544,0.56128476256943,0.005781815754317375,0.9658552547946897,1410,0.005380591970174042,-0.05344883409408368,-0.0592041643440466,0.9950342515612569,False
all,volume,土豆,temp_max,日最高气温,300,-0.009630099947651488,0.9154046297445099,-0.12245337485920171,0.6641920720986488,1410,0.002933059507933211,-0.12215839000247694,-0.007196397787082845,0.9950342515612569,False
all,volume,土豆,vpd,饱和水汽压差VPD,300,-0.017608856031027388,0.8485775814879047,-0.00550163714367549,0.9759357844484399,1410,0.002486613155739059,-0.017173126145865143,-0.01757752117139851,0.9950342515612569,False
all,volume,土豆,wind,风速,300,-0.30737698854678225,1.3975413292572678e-07,0.08493115766169047,0.3877592712095427,1410,0.0831596171829384,-0.22105135148152433,-0.308664484871499,0.9735980763328868,False
all,volume,尖椒,precip_3d,3日累计降水,924,-0.681911742380321,0.35911737871645355,0.622588307466454,0.40772000701952493,1410,0.015876820149008042,-0.05161983005127535,-0.7027258294548298,0.9735980763328868,False
all,volume,尖椒,soil_z,土壤水分异常,924,0.5043665354304697,0.31752873156418737,-0.14330322088614916,0.77877565522361,1410,0.04152359631101099,0.3643924507333483,0.5275236072093529,0.9950342515612569,False
all,volume,尖椒,temp_max,日最高气温,924,1.05211765822827,0.09894871681318351,-1.2245879502326753,0.0981760774887758,1410,0.037363785685584516,-0.1517406239153839,1.0976355759931047,0.8835846973989823,False
all,volume,尖椒,vpd,饱和水汽压差VPD,924,2.016345845342292,0.03838191655685336,-2.248462979761255,0.026345375475786373,1410,0.03602559860370491,-0.2293610561467561,2.079390183277384,0.5611230665545244,False
all,volume,尖椒,wind,风速,924,-0.09502525956795684,0.5300496610183336,0.24957056637196307,0.17781261394304448,1410,0.013913867793075463,0.14342837593357824,-0.08937604809596138,0.9362359353377184,False
all,volume,甘蓝,precip_3d,3日累计降水,445,-0.1291460017992727,0.003136046233550017,0.16437627163911106,0.3595499505472274,1410,0.025505651081420444,0.05934301447837385,-0.12761974881634028,0.9735980763328868,False
all,volume,甘蓝,soil_z,土壤水分异常,445,-0.07015279656502654,0.5061192531906804,0.3234813447403667,0.054367201746996226,1410,0.03350450374537728,0.26360606316083707,-0.06812789448192486,0.8155080262049434,False
all,volume,甘蓝,temp_max,日最高气温,445,-0.09394097612449914,0.4687833220333997,0.16154240308531093,0.5934631500104282,1410,0.02136312703996046,0.053690236722206866,-0.07480844263126911,0.9950342515612569,False
all,volume,甘蓝,vpd,饱和水汽压差VPD,445,-0.09125402281724859,0.5407507246025507,0.03902822841717132,0.8549603562097405,1410,0.02017209112625784,-0.059266409237914215,-0.07194846922266718,0.9950342515612569,False
all,volume,甘蓝,wind,风速,445,0.3028588019254958,3.539664491514299e-05,-0.13508134305052005,0.33222032054224093,1410,0.054518555545903014,0.16386071302117447,0.29871207875352007,0.9735980763328868,False
all,volume,芸豆,precip_3d,3日累计降水,374,-0.10422362283754195,0.5485065308076418,0.11718450756186978,0.5138448953410624,1410,0.025737284754959844,0.012002748166708942,-0.09590691398364241,0.9950342515612569,False
all,volume,芸豆,soil_z,土壤水分异常,374,0.1300100466703032,0.18456207926708001,-0.01121129752810801,0.9327311452322509,1410,0.03508825998192433,0.11973845142699638,0.13870782176970764,0.9950342515612569,False
all,volume,芸豆,temp_max,日最高气温,374,0.11086838678004919,0.27314029254491645,-0.14383826018397988,0.8123551091926858,1410,0.029582377418248096,0.02244829699612766,0.11273275264098685,0.9950342515612569,False
all,volume,芸豆,vpd,饱和水汽压差VPD,374,0.015309938168723766,0.8722232006782984,0.06009218741540097,0.7287170390396782,1410,0.024473163100235285,0.0884875405618232,0.012323154854793506,0.9950342515612569,False
all,volume,芸豆,wind,风速,374,-0.03568290231579237,0.5491283388078153,0.08653324485292416,0.4350618457430767,1410,0.02491917634218832,0.04374857047103915,-0.03751697638819739,0.9950342515612569,False
all,volume,芹菜,precip_3d,3日累计降水,488,-0.08339516659267238,0.07205279706556032,-0.004992633434153571,0.9816133238211739,1410,0.03162631325443843,-0.055443499140468776,-0.08092860921172741,0.9950342515612569,False
all,volume,芹菜,soil_z,土壤水分异常,488,0.1624834759064873,0.0923254950237459,0.14234273276480763,0.3877415623421364,1410,0.052174452095153034,0.3186862305993285,0.16574377435208518,0.9735980763328868,False
all,volume,芹菜,temp_max,日最高气温,488,-0.04247815266063135,0.7506497648356026,0.05971419801125081,0.8830024430128978,1410,0.028974340608763693,-0.0020301891288418104,-0.015809485826126332,0.9950342515612569,False
all,volume,芹菜,vpd,饱和水汽压差VPD,488,-0.06449925988689356,0.650889935030331,0.0025506965888368194,0.9917792887754894,1410,0.029912616686111337,-0.07126585091912715,-0.03656430572210741,0.9950342515612569,False
all,volume,芹菜,wind,风速,488,0.22404508496807118,0.0001966163898546064,-0.1927579599997521,0.16718294071327366,1410,0.041955522910482435,0.028592898311557147,0.21669392316238287,0.9362359353377184,False
all,volume,茄子,precip_3d,3日累计降水,285,-0.03620943996409264,0.5356739751753079,-0.16207713704366913,0.07302447989725637,1410,0.0060812541267436515,-0.190792872948475,-0.03427872212366755,0.8215253988441341,False
all,volume,茄子,soil_z,土壤水分异常,285,-0.17008189501636642,0.227695647716876,0.034512864806325504,0.823377313054478,1410,0.015052425843905426,-0.1314299333876958,-0.16770941285884503,0.9950342515612569,False
all,volume,茄子,temp_max,日最高气温,285,0.10935495321534859,0.40655476172429117,0.19200729056660706,0.49382159339243936,1410,0.009040541092854348,0.30921389787904063,0.11419949178118029,0.9950342515612569,False
all,volume,茄子,vpd,饱和水汽压差VPD,285,0.16638755199107846,0.2838594447195375,0.03233096954237485,0.8493535715102979,1410,0.013709275542082011,0.19452612604453964,0.1711872804896197,0.9950342515612569,False
all,volume,茄子,wind,风速,285,-0.15784266704312588,0.04490151583711877,0.14356679948677398,0.18278396344706282,1410,0.012539911293570238,-0.022840277285735518,-0.15836941697350182,0.9362359353377184,False
all,volume,西红柿,precip_3d,3日累计降水,760,-0.22625554269824033,0.4535671588087683,0.19309665554626815,0.5262819852804084,1410,0.016429041080550877,-0.02630740293843635,-0.23684690580614665,0.9950342515612569,False
all,volume,西红柿,soil_z,土壤水分异常,760,0.45300503080920473,0.014361859914425722,-0.3582666896128333,0.06398754916549058,1410,0.05894650321521355,0.09690025458817673,0.46228027999597515,0.8215253988441341,False
all,volume,西红柿,temp_max,日最高气温,760,0.24626814593014362,0.23158581746385576,-0.5021236485235421,0.09564955092000758,1410,0.028539360973348638,-0.19798697911267935,0.2728709756066655,0.8835846973989823,False
all,volume,西红柿,vpd,饱和水汽压差VPD,760,0.3553217946853109,0.241286864688958,-0.4695685348576081,0.13917698367488157,1410,0.025275562481185676,-0.10609589863823927,0.3842429699551977,0.9362359353377184,False
all,volume,西红柿,wind,风速,760,0.19283033449617187,0.012760937694683751,0.059388909248129264,0.5256807044024432,1410,0.057730173299085696,0.24283130463979238,0.1965372549297574,0.9950342515612569,False
all,volume,青椒,precip_3d,3日累计降水,1068,-0.09252784012339847,0.1565107737871392,0.016173646785395377,0.8804509495748669,1410,0.02261876306280164,-0.06995329780327998,-0.07908346769854213,0.9950342515612569,False
all,volume,青椒,soil_z,土壤水分异常,1068,0.16965389727744162,0.1873488374854657,-0.1702334455546868,0.34676471277857923,1410,0.022716012789833817,0.0064026673950086585,0.18050534499701368,0.9735980763328868,False
all,volume,青椒,temp_max,日最高气温,1068,-0.2384420246517963,0.518351424324673,0.22533068307645912,0.5559665591542529,1410,0.02122141774975228,0.002354136956539933,-0.15709834767012643,0.9950342515612569,False
all,volume,青椒,vpd,饱和水汽压差VPD,1068,-0.04690615675744815,0.8015969567982898,-0.005420667564529691,0.979952550494808,1410,0.020966124746433223,-0.0506685292055438,-0.012405543279691402,0.9950342515612569,False
all,volume,青椒,wind,风速,1068,0.17179943211592397,0.1953606360980653,-0.38699937040021676,0.019619411725475686,1410,0.03561086744772801,-0.2248402596578006,0.16813056354101552,0.5611230665545244,False
all,volume,黄瓜,precip_3d,3日累计降水,734,-0.3077369445065753,0.5064006303467019,0.29185619210774066,0.53328998497632,1410,0.01639661363108158,-0.012901613469704193,-0.31007906193375995,0.9950342515612569,False
all,volume,黄瓜,soil_z,土壤水分异常,734,-0.13824081906927485,0.5946185079814255,0.0442710644150245,0.8727395381599302,1410,0.01700826205171191,-0.08344428972583667,-0.13621692554923664,0.9950342515612569,False
all,volume,黄瓜,temp_max,日最高气温,734,0.25392975431295917,0.09641407172895032,-0.22159058740441598,0.3780049340829259,1410,0.021133997022831474,0.049978311506843565,0.2456859573589414,0.9735980763328868,False
all,volume,黄瓜,vpd,饱和水汽压差VPD,734,0.13682219068838103,0.4006173625468239,-0.0024610911034401856,0.9902809433195942,1410,0.018417607934905655,0.14270344015569697,0.1264255986482978,0.9950342515612569,False
all,volume,黄瓜,wind,风速,734,-0.057047701431019796,0.5505423576195079,0.05356180126147078,0.698775448383969,1410,0.013835316206519566,-0.015752216283786927,-0.054079179652370656,0.9950342515612569,False
open_field,price,土豆,precip_3d,3日累计降水,211,-0.038859076037843554,0.425631084887407,0.0061562384763986094,0.9722911551840706,1410,0.0016786018525898339,-0.03354341720779538,-0.03830844998531312,0.98497734615886,False
open_field,price,土豆,soil_z,土壤水分异常,211,0.06548261128219983,0.3802694480952945,-0.17882533644701554,0.3960911381951745,1410,0.00520107565944572,-0.11239725545861422,0.06597112859920637,0.957445967672315,False
open_field,price,土豆,temp_max,日最高气温,211,0.014512453134479008,0.882898667768294,-0.10629946387487231,0.8375157794700818,1410,0.0006847291754511486,-0.08972062522999613,0.015711903736744803,0.98497734615886,False
open_field,price,土豆,vpd,饱和水汽压差VPD,211,0.045037991671064155,0.6813623820871294,0.04514815986461406,0.8875323524019729,1410,0.002288738808064017,0.09187562422228776,0.04525800454756911,0.98497734615886,False
open_field,price,土豆,wind,风速,211,0.2432332592719948,0.0004455724468400387,0.10841794296743851,0.5744675806033891,1410,0.05817023596120352,0.3519626358592403,0.24202110283931785,0.957445967672315,False
open_field,price,尖椒,precip_3d,3日累计降水,471,-0.016478996553236994,0.9000442998180757,0.054478167842819974,0.7053455773360111,1410,0.012110811717829018,0.033869697013886986,-0.018616377110834612,0.9769806654104609,False
open_field,price,尖椒,soil_z,土壤水分异常,471,-0.07022812623932255,0.5937790696444127,0.371790351433957,0.032838428807848444,1410,0.030525937586669216,0.29834351118501756,-0.07398519134264478,0.49257643211772667,False
open_field,price,尖椒,temp_max,日最高气温,471,-0.0120430878683556,0.9383855764744048,-0.06611808501758026,0.8525643002060013,1410,0.011778329436532009,-0.11478272782505074,-0.017088034916307327,0.98497734615886,False
open_field,price,尖椒,vpd,饱和水汽压差VPD,471,-0.01861189388154103,0.8714053683382779,-0.19573119895336383,0.253453790432284,1410,0.015467349484424076,-0.22757334742291235,-0.018164852382794604,0.957445967672315,False
open_field,price,尖椒,wind,风速,471,0.1211874337787547,0.2399423685530896,-0.07704472208606343,0.5730189060405972,1410,0.017002534621590293,0.04540845427269065,0.12499437812550498,0.957445967672315,False
open_field,price,甘蓝,precip_3d,3日累计降水,203,0.025549852033194063,0.6303926817734309,-0.1607901558761583,0.74901851014802,1410,0.0019884583914522302,-0.14130917420535677,0.024879390677296255,0.9769806654104609,False
open_field,price,甘蓝,soil_z,土壤水分异常,203,0.04361525563220325,0.5903183093536164,-0.16238046746049456,0.7403770382365196,1410,0.0028432818646442204,-0.12189624424456359,0.04258755199946765,0.9769806654104609,False
open_field,price,甘蓝,temp_max,日最高气温,203,0.010311781128252243,0.9432896589484938,0.05195863936890399,0.9422125918655401,1410,0.001312309511016907,0.08664494348444475,0.007411509468052676,0.98497734615886,False
open_field,price,甘蓝,vpd,饱和水汽压差VPD,203,-0.030007667693850923,0.7947045136927251,0.21293331513904024,0.836856086068176,1410,0.001981520199280884,0.2177714836170765,-0.03094314689468325,0.98497734615886,False
open_field,price,甘蓝,wind,风速,203,0.15032686809733886,0.027534771761404696,-0.04499640645403464,0.8639472715608028,1410,0.011653289407526302,0.10186059597022311,0.15193547864487406,0.98497734615886,False
open_field,price,芸豆,precip_3d,3日累计降水,374,0.04812131290458284,0.7350251046368447,-0.09220827544304712,0.5426476815524974,1410,0.014983406815711864,-0.04340244173650463,0.042179612664604585,0.957445967672315,False
open_field,price,芸豆,soil_z,土壤水分异常,374,0.050939025605650445,0.6799779300154749,-0.05716127060973397,0.6888599336694186,1410,0.01479843037396511,-0.006920086737123957,0.04447988365491313,0.9769806654104609,False
open_field,price,芸豆,temp_max,日最高气温,374,-0.03533249207272129,0.7027982093602629,-0.6739495700235049,0.19581418172954068,1410,0.021413409518178383,-0.7476063679986596,-0.03662178991588056,0.957445967672315,False
open_field,price,芸豆,vpd,饱和水汽压差VPD,374,-0.030475837491364073,0.7024563716249572,-0.17876853303379636,0.19427527802448608,1410,0.01801536033106388,-0.21852016469318705,-0.028358610999752534,0.957445967672315,False
open_field,price,芸豆,wind,风速,374,0.19062806705937496,0.011884449472105143,-0.277039464706884,0.012320255657126931,1410,0.03507294439120823,-0.08136813719030224,0.19193051849809556,0.49257643211772667,False
open_field,price,芹菜,precip_3d,3日累计降水,203,0.03498740813726747,0.49597979401647097,-0.23052510323190556,0.5566188327185897,1410,0.007875421393668258,-0.2114482528432225,0.03322968166030917,0.957445967672315,False
open_field,price,芹菜,soil_z,土壤水分异常,203,0.10219440147797104,0.14963750491812888,-0.3728600749309005,0.38796680255562466,1410,0.016937950131551194,-0.2788166492723063,0.09951899402566275,0.957445967672315,False
open_field,price,芹菜,temp_max,日最高气温,203,0.03982454811756381,0.6781145599144205,0.3506326806322062,0.559891760894047,1410,0.01091982892252008,0.44951266807137,0.032797669391183136,0.957445967672315,False
open_field,price,芹菜,vpd,饱和水汽压差VPD,203,-0.03739757767438719,0.6260840326351897,0.7003092979135928,0.43015578333845617,1410,0.013173815524254229,0.7484739539086495,-0.039694600755701547,0.957445967672315,False
open_field,price,芹菜,wind,风速,203,0.02716677304155518,0.6687699265513076,-0.060353186476390756,0.8015369848293499,1410,0.006336914515048142,-0.04356999029194602,0.03198054188081412,0.98497734615886,False
open_field,price,黄瓜,precip_3d,3日累计降水,497,-0.027700467234808755,0.9141263034016219,0.1616315191248643,0.5435094347340569,1410,0.011036167352538429,0.1338232780903259,-0.02666429626909037,0.957445967672315,False
open_field,price,黄瓜,soil_z,土壤水分异常,497,-0.003509268735978264,0.9846393724866563,0.17999441428179247,0.38631371810473736,1410,0.011849516160227336,0.17421397535373878,-0.006545728991147147,0.957445967672315,False
open_field,price,黄瓜,temp_max,日最高气温,497,-0.14919226873661065,0.2082955461098136,0.4926238163172351,0.32226670870291385,1410,0.010406347140507588,0.3296161269236019,-0.1476844511748811,0.957445967672315,False
open_field,price,黄瓜,vpd,饱和水汽压差VPD,497,-0.10579741657901867,0.25934571176568444,0.08202093329723083,0.5558712269226573,1410,0.006310096272814314,-0.023323341411940025,-0.10262447239983608,0.957445967672315,False
open_field,price,黄瓜,wind,风速,497,-0.08278996464886518,0.39578824319470596,-0.12337176613108605,0.35343407823238326,1410,0.011920756377203245,-0.20075428503510623,-0.08324504144503772,0.957445967672315,False
open_field,volume,土豆,precip_3d,3日累计降水,211,0.020237341776451118,0.6742535495647404,-0.12038347906191557,0.41138821050182595,1410,0.003916940611461417,-0.10174837358077315,0.021286894963156233,0.957445967672315,False
open_field,volume,土豆,soil_z,土壤水分异常,211,-0.05862999098563625,0.5441305970726327,-0.0028917683772602953,0.98497734615886,1410,0.00612172285708823,-0.05939135932506555,-0.05752922878902089,0.98497734615886,False
open_field,volume,土豆,temp_max,日最高气温,211,-0.008868112468128575,0.9218281546678164,-0.10868336635275308,0.7085199074805929,1410,0.0033131903979105592,-0.1129055158923898,-0.006171324765812158,0.9769806654104609,False
open_field,volume,土豆,vpd,饱和水汽压差VPD,211,-0.014669212345138731,0.8701064594049849,0.08659823978357141,0.6821932141370957,1410,0.003308616486760063,0.07569695972027354,-0.014178530473585626,0.9769806654104609,False
open_field,volume,土豆,wind,风速,211,-0.3046493183546847,8.769492311064307e-08,0.14004839773711403,0.13656709416077326,1410,0.08320733635839239,-0.16432613421865838,-0.3057188371216712,0.957445967672315,False
open_field,volume,尖椒,precip_3d,3日累计降水,471,-0.1409605041644822,0.53491901923299,-0.013779274078460723,0.9553119347049436,1410,0.028663286655446818,-0.14621454842585957,-0.13654791814419084,0.98497734615886,False
open_field,volume,尖椒,soil_z,土壤水分异常,471,0.23901521227881642,0.10099612471622099,0.3625720313907753,0.1567873815434114,1410,0.061242011966119,0.6075637468929984,0.2459913249851544,0.957445967672315,False
open_field,volume,尖椒,temp_max,日最高气温,471,0.1169882938899185,0.32058019659631687,-1.0450662220116238,0.22055760496587318,1410,0.03954015917243492,-0.8426536591543836,0.12875625170237615,0.957445967672315,False
open_field,volume,尖椒,vpd,饱和水汽压差VPD,471,-0.01557205924945787,0.8977744904935256,-0.3812612165770662,0.2823980398032804,1410,0.029282719238533206,-0.3671752180961356,-0.016574185284865355,0.957445967672315,False
open_field,volume,尖椒,wind,风速,471,-0.033028974172074115,0.7378911043875562,0.5955141914731926,0.04906055561930254,1410,0.0429085525291677,0.5598003368866857,-0.04110422618376677,0.5887266674316305,False
open_field,volume,甘蓝,precip_3d,3日累计降水,203,-0.09552892913294242,0.038101243019761845,-0.1095459411384333,0.7405065541221814,1410,0.02070376964539755,-0.1760328344224355,-0.09232049633233877,0.9769806654104609,False
open_field,volume,甘蓝,soil_z,土壤水分异常,203,0.03846413427581574,0.6805491963852719,0.2958199891673,0.3410051976638393,1410,0.022586456425187862,0.3483443279307884,0.04307913703142106,0.957445967672315,False
open_field,volume,甘蓝,temp_max,日最高气温,203,-0.0606766705594684,0.6362479899597584,0.4303162405763211,0.15988161677286783,1410,0.01946277922581674,0.24283465905434945,-0.04558842904473362,0.957445967672315,False
open_field,volume,甘蓝,vpd,饱和水汽压差VPD,203,-0.048463371601914704,0.6595900699825883,0.36029587962593795,0.4547855833679679,1410,0.01697473386887094,0.10674950960365806,-0.042957667031639904,0.957445967672315,False
open_field,volume,甘蓝,wind,风速,203,0.2925593519457899,3.2748405058054425e-05,-0.2078611191876188,0.29890206965690114,1410,0.05410457849679717,0.1047317913047716,0.28327190493228166,0.957445967672315,False
open_field,volume,芸豆,precip_3d,3日累计降水,374,-0.10422362283754195,0.5485065308076418,0.11718450756186978,0.5138448953410624,1410,0.025737284754959844,0.012002748166708942,-0.09590691398364241,0.957445967672315,False
open_field,volume,芸豆,soil_z,土壤水分异常,374,0.1300100466703032,0.18456207926708001,-0.01121129752810801,0.9327311452322509,1410,0.03508825998192433,0.11973845142699638,0.13870782176970764,0.98497734615886,False
open_field,volume,芸豆,temp_max,日最高气温,374,0.11086838678004919,0.27314029254491645,-0.14383826018397988,0.8123551091926858,1410,0.029582377418248096,0.02244829699612766,0.11273275264098685,0.98497734615886,False
open_field,volume,芸豆,vpd,饱和水汽压差VPD,374,0.015309938168723766,0.8722232006782984,0.06009218741540097,0.7287170390396782,1410,0.024473163100235285,0.0884875405618232,0.012323154854793506,0.9769806654104609,False
open_field,volume,芸豆,wind,风速,374,-0.03568290231579237,0.5491283388078153,0.08653324485292416,0.4350618457430767,1410,0.02491917634218832,0.04374857047103915,-0.03751697638819739,0.957445967672315,False
open_field,volume,芹菜,precip_3d,3日累计降水,203,-0.06417506916783047,0.1924808488121459,-0.33149278502028234,0.5291166803972903,1410,0.03294925764070189,-0.35242362611044087,-0.05939764238814919,0.957445967672315,False
open_field,volume,芹菜,soil_z,土壤水分异常,203,0.12216416158807511,0.12678128124760726,0.8358334432089098,0.030803504461522135,1410,0.08123909064435875,0.9784192430573518,0.12886718763070454,0.49257643211772667,False
open_field,volume,芹菜,temp_max,日最高气温,203,-0.020581205585617646,0.8740641303036716,0.5087981602945502,0.42466078101164473,1410,0.032241990345750704,0.3039670318145031,0.001342293390887965,0.957445967672315,False
open_field,volume,芹菜,vpd,饱和水汽压差VPD,203,-0.02000353668152579,0.8493185508311124,0.38275520285919046,0.7085334057180799,1410,0.029190497936777304,0.06173807583233668,-0.011922457738638073,0.9769806654104609,False
open_field,volume,芹菜,wind,风速,203,0.21534366880660838,0.00017367283120926522,-0.3763416734344537,0.13248993005168322,1410,0.04610317765082905,-0.13174708777036467,0.20178310542599667,0.957445967672315,False
open_field,volume,黄瓜,precip_3d,3日累计降水,497,-0.23329516231840536,0.6193274420065544,0.1935990381246629,0.6849340576244194,1410,0.013692078125051022,-0.039400610824204714,-0.23613632013472033,0.9769806654104609,False
open_field,volume,黄瓜,soil_z,土壤水分异常,497,-0.12848972443546725,0.5740978379990949,0.029601077381910458,0.9049603402715108,1410,0.015134612579988271,-0.09274417198682885,-0.1202748163699722,0.98497734615886,False
open_field,volume,黄瓜,temp_max,日最高气温,497,0.22651206426224801,0.10079384426021328,-0.6002112661096175,0.4212365132642806,1410,0.019658146632787865,-0.33648236942164966,0.22245021229866585,0.957445967672315,False
open_field,volume,黄瓜,vpd,饱和水汽压差VPD,497,0.14125482191157201,0.3058985257826461,0.030890268554979443,0.8784490238897756,1410,0.016771232061263186,0.1709160892591198,0.1326492339339286,0.98497734615886,False
open_field,volume,黄瓜,wind,风速,497,-0.11049144756702761,0.18542117043377015,0.2993233652131155,0.02577884582028565,1410,0.016865289914880233,0.17436457331217795,-0.10927391288997985,0.49257643211772667,False
