cluster,crop,response,shock_magnitude,trough_offset,price_shock,recovery_offset,recovery_days,recovery_slope_z_per_day,censored
1,土豆,price,0.45247088448221606,5,1.0595125680111526,8.0,3.0,0.20234722784297884,False
1,土豆,volume,-0.14832551423675122,11,0.9258634730778262,12.0,1.0,0.37471708859810837,False
1,尖椒,price,0.29508970727101025,5,0.9088762983947123,8.0,3.0,0.03822114303700704,False
1,尖椒,volume,-0.028103781644858133,11,0.646386977831737,15.0,4.0,0.1686226898691488,False
1,甘蓝,price,0.285361475163175,5,2.4255725388869873,8.0,3.0,0.15997537243996182,False
1,甘蓝,volume,-0.39520942938081755,17,0.11065864022662891,18.0,1.0,0.42155672467287203,False
1,芸豆,price,0.45415711138090775,5,1.8031386303340993,8.0,3.0,0.07794115442840677,False
1,芸豆,volume,-0.5058680696074462,12,0.4384189936597871,15.0,3.0,0.04496605063177306,False
1,芹菜,price,0.688944132893951,5,2.1053747277948003,8.0,3.0,0.0032118607594121182,False
1,芹菜,volume,0.04215567246728724,15,1.2225145015513288,16.0,1.0,0.843113449345744,False
1,茄子,price,0.05365267404927476,5,0.8661074525097184,8.0,3.0,0.05620756328971619,False
1,茄子,volume,-0.1388657445981223,18,0.9720602121868578,,,,True
1,西红柿,price,0.36102550266856226,5,1.2430518804456487,8.0,3.0,0.23636000973111485,False
1,西红柿,volume,0.0,8,0.11241512657943253,9.0,1.0,0.0,False
1,青椒,price,-0.03199507448799266,12,0.549104656753382,15.0,3.0,0.11299161440804524,False
1,青椒,volume,-0.22483025315886507,18,0.0,19.0,1.0,0.22483025315886507,False
1,韭菜,price,0.472143531633616,12,0.8768379873195727,15.0,3.0,0.028906746834711432,False
1,韭菜,volume,0.8958080399298527,5,1.2330534196681504,8.0,3.0,0.11241512657943258,False
1,黄瓜,price,2.1790467839638215,5,3.8733033345538406,8.0,3.0,0.4041591455593883,False
1,黄瓜,volume,-3.2178829983362567,8,-1.1944107199064709,9.0,1.0,0.6744907594765959,False
2,土豆,price,-0.8872147682345981,4,-0.005188390457512071,8.0,4.0,0.03891292843134203,False
2,土豆,volume,-0.7908532874473667,1,-0.5437116351200646,2.0,1.0,0.10297568846970917,False
2,尖椒,price,-1.1834246961725716,11,-0.5702512784665759,16.0,5.0,0.06744907594765948,False
2,尖椒,volume,-0.21920949682989388,19,5.277890192904356,,,,True
2,甘蓝,price,-0.9882755910591846,15,-0.5483903131396661,18.0,3.0,0.08797705558390363,False
2,甘蓝,volume,0.5636815632768689,11,2.035998535391494,12.0,1.0,0.0,False
2,芸豆,price,-1.2038910622480032,9,0.6966740111216031,11.0,2.0,0.10192304809868546,False
2,芸豆,volume,0.29677593416970266,16,1.375961149332255,17.0,1.0,0.6070416835289356,False
2,芹菜,price,-0.7563932088416099,2,-0.17825827214738577,8.0,6.0,0.016059303797061737,False
2,芹菜,volume,0.22764063132335088,17,2.2005261027923924,18.0,1.0,0.8431134493457441,False
2,茄子,price,-0.9808558393834341,5,0.07557547064014858,11.0,6.0,0.01896158761580785,False
2,茄子,volume,-1.2815324430055308,8,1.7941454202077427,11.0,3.0,0.08993210126354605,False
2,西红柿,price,-0.6829749199731557,10,0.0805995247173289,12.0,2.0,0.042420802482804554,False
2,西红柿,volume,0.021583704303251183,12,1.9641170915958452,15.0,3.0,0.5395926075812761,False
2,青椒,price,-1.4441596594571091,15,-0.6047933809973469,17.0,2.0,0.07494341771962165,False
2,青椒,volume,0.022483025315886484,1,1.371464544269077,2.0,1.0,1.1241512657943253,False
2,韭菜,price,-0.8720512787039336,1,0.7554296506137865,2.0,1.0,0.13924970518226498,False
2,韭菜,volume,-0.10960474841494683,18,1.4079994604073924,19.0,1.0,0.8431134493457441,False
2,黄瓜,price,-0.44170919248650214,1,1.5324101035425572,2.0,1.0,0.131607953068604,False
2,黄瓜,volume,0.6070416835289358,17,2.79913665182787,18.0,1.0,0.843113449345744,False
3,土豆,price,-0.5909000243277855,10,0.05764878286124819,12.0,2.0,0.1426807375815874,False
3,土豆,volume,-0.28833192771518573,11,0.08238055077576735,12.0,1.0,0.30892706540912757,False
3,尖椒,price,-1.3413168512318654,18,0.2835927056890233,,,,True
3,尖椒,volume,-2.5106044936073273,5,1.1990946835139464,6.0,1.0,1.6862268986914888,False
3,甘蓝,price,-1.0345450054773857,5,-0.667973940544454,7.0,2.0,0.10263989818122088,False
3,甘蓝,volume,-0.5246039240373517,0,0.24624265822161417,3.0,3.0,0.09635582278237072,False
3,芸豆,price,-3.2075782783998097,14,-2.0564473822264198,,,,True
3,芸豆,volume,-0.014988683543924353,18,1.0641965316186281,21.0,3.0,0.1798642025270921,False
3,芹菜,price,-2.3446583543710213,14,-0.619889126566585,,,,True
3,芹菜,volume,-0.7869058860560276,0,1.405189082242907,3.0,3.0,0.2529340348037232,False
3,茄子,price,-1.7841951013731618,21,-0.6546262391171775,,,,True
3,茄子,volume,-1.843608075902694,18,0.8543549620036868,,,,True
3,西红柿,price,-2.045625364170805,11,-0.06033180797554405,18.0,7.0,0.03151259613008354,False
3,西红柿,volume,-1.918551493622315,18,-0.2997736708784864,21.0,3.0,0.1798642025270921,False
3,青椒,price,-0.9642719746591313,21,0.8193813670678642,,,,True
3,青椒,volume,-1.4364155062927486,5,1.0367172784547671,6.0,1.0,1.1241512657943253,False
3,韭菜,price,-1.3895960162980179,21,-0.21467662882265803,,,,True
3,韭菜,volume,-2.922793291065246,21,-0.22483025315886507,,,,True
3,黄瓜,price,-1.1259791540313888,13,-0.3856844180204926,21.0,8.0,0.030845614000454005,False
3,黄瓜,volume,-0.39345294302801337,21,1.630019335401772,,,,True
4,土豆,price,-0.7559917262466833,0,0.3681595395476407,3.0,3.0,0.13115098100933795,False
4,土豆,volume,0.04496605063177311,13,0.38221143037007077,14.0,1.0,0.22483025315886512,False
4,尖椒,price,-0.2105910037921369,14,0.14913740126204705,17.0,3.0,0.024981139239873922,False
4,尖椒,volume,-0.8993210126354603,10,1.3489815189531904,12.0,2.0,0.5620756328971627,False
4,甘蓝,price,-0.49159999584928765,6,-0.10247071153586729,10.0,4.0,0.012970976143780621,False
4,甘蓝,volume,-1.1080919619972636,7,0.048177911391185435,10.0,3.0,0.16059303797061794,False
4,芸豆,price,-1.4961964586302579,11,-0.19413603598848134,14.0,3.0,0.0703816444671231,False
4,芸豆,volume,-0.9180568670653655,14,1.0304719936447984,17.0,3.0,0.14988683543924336,False
4,芹菜,price,-0.5259204975918854,20,-0.10664245791724575,,,,True
4,芹菜,volume,-1.5917981923647648,6,-0.2428166734115742,10.0,4.0,0.16862268986914883,False
4,茄子,price,-0.5967259425016471,20,0.10157037319176931,,,,True
4,茄子,volume,-0.7588021044111696,0,0.36534916138315576,4.0,4.0,0.14051890822429067,False
4,西红柿,price,-0.4581601866200774,20,-0.04688533328068989,,,,True
4,西红柿,volume,-0.35651654429477175,0,1.4742440885702726,4.0,4.0,0.12044477847796344,False
4,青椒,price,-0.03693639873324184,7,0.6054357531492295,10.0,3.0,0.09635582278237072,False
4,青椒,volume,0.1011736139214896,19,1.3377400062952474,20.0,1.0,1.2365663923737578,False
4,韭菜,price,-0.14352535928397292,0,0.9780116012410631,3.0,3.0,0.18300136885023907,False
4,韭菜,volume,-1.3742749224335629,20,0.8178200458653718,,,,True
4,黄瓜,price,-0.9220782211869074,20,0.3610993212319824,,,,True
4,黄瓜,volume,-1.458586267368137,4,0.05901794145420225,6.0,2.0,0.421556724672872,False
5,土豆,price,-0.07977847692733897,0,1.0298676112438345,6.0,6.0,0.07252588811576292,False
5,土豆,volume,-0.2536546445894887,2,0.3689522103119838,8.0,6.0,0.03458926971674847,False
5,尖椒,price,0.20598483232878484,0,0.94753022871241,1.0,1.0,0.0,False
5,尖椒,volume,-0.42467936707785625,1,1.0367172784547667,8.0,7.0,0.1605930379706179,False
5,甘蓝,price,-0.5444165517103553,0,2.5566903884119214,3.0,3.0,0.031011069401222686,False
5,甘蓝,volume,-0.14239249366728127,20,0.36347557594016516,21.0,1.0,0.43841899365978687,False
5,芸豆,price,-0.16544112968293823,3,1.4126127226773968,6.0,3.0,0.07211536422076797,False
5,芸豆,volume,-1.4405790294993948,17,0.20817616033228248,20.0,3.0,0.22483025315886507,False
5,芹菜,price,-0.25094689872782416,0,1.731647151854895,1.0,1.0,0.040878227847066406,False
5,芹菜,volume,-0.7494341771962169,6,0.3747170885981085,8.0,2.0,0.28103781644858133,False
5,茄子,price,-0.4061179619443189,1,1.304601617957214,2.0,1.0,0.0753620960309046,False
5,茄子,volume,-0.6102535442883481,15,0.0642372151882471,17.0,2.0,0.24088955695592687,False
5,西红柿,price,-0.11415799675895877,1,0.466217773023228,3.0,2.0,0.03921457903933698,False
5,西红柿,volume,-0.2224127235550063,6,0.6478979338341487,8.0,2.0,0.21757766434728876,False
5,青椒,price,0.18652583965772507,0,0.8909939662221685,1.0,1.0,0.0,False
5,青椒,volume,-0.48713221517754096,6,0.749434177196217,8.0,2.0,0.5620756328971627,False
5,韭菜,price,-0.35427797467457556,0,2.392738936648285,3.0,3.0,0.02725215189804427,False
5,韭菜,volume,-0.7306983227663117,1,1.9672647151400693,8.0,7.0,0.12044477847796345,False
5,黄瓜,price,-0.36278342335613034,0,2.95382082069439,1.0,1.0,0.25776716922672416,False
5,黄瓜,volume,-1.5738117721120557,14,0.7869058860560276,15.0,1.0,1.6862268986914881,False
6,土豆,price,-0.9682206063454362,17,-0.22845654756465353,21.0,4.0,0.03263664965209334,False
6,土豆,volume,-0.24904274196058895,2,0.3528105511108344,3.0,1.0,0.08301424732019635,False
6,尖椒,price,0.2587520106530099,0,1.8365081731713608,1.0,1.0,0.18933073950220236,False
6,尖椒,volume,-0.2697963037906381,2,0.8543549620036872,3.0,1.0,1.1241512657943253,False
6,甘蓝,price,0.049617711041957335,14,1.1350051400847532,15.0,1.0,0.09303320820366823,False
6,甘蓝,volume,-0.31701065695399977,21,0.6272764063132336,,,,True
6,芸豆,price,-0.08781106113940607,21,2.39380588410467,,,,True
6,芸豆,volume,-1.1841059999700227,0,1.6637438733756014,3.0,3.0,0.24981139239873898,False
6,芹菜,price,0.7552252594745517,0,3.3101144999161995,1.0,1.0,0.7766863290942609,False
6,芹菜,volume,-0.11241512657943259,0,0.5620756328971626,2.0,2.0,0.28103781644858133,False
6,茄子,price,0.0022608628809273057,0,1.027185368901229,1.0,1.0,0.2713035457112558,False
6,茄子,volume,-0.6359484303636469,21,0.3276097974600605,,,,True
6,西红柿,price,-0.04313603694327084,3,0.5372397328389159,7.0,4.0,0.03137166323146959,False
6,西红柿,volume,-1.3446299656662446,0,-0.21322611106034298,2.0,2.0,0.2175776643472888,False
6,青椒,price,0.21208987214652963,1,1.0814335176941412,2.0,1.0,0.2398189367027892,False
6,青椒,volume,-0.5620756328971628,9,0.7869058860560276,10.0,1.0,1.1241512657943253,False
6,韭菜,price,-1.0554758430112532,15,0.6123558531490545,16.0,1.0,0.2779719493600513,False
6,韭菜,volume,-1.0033050047214354,3,0.8515445838392015,4.0,1.0,0.843113449345744,False
6,黄瓜,price,-3.613895712558675,17,-0.9159326746522933,21.0,4.0,0.3136167225591814,False
6,黄瓜,volume,-0.37940105220558484,0,0.9695804667476057,2.0,2.0,0.42155672467287203,False
8,土豆,price,-0.4697346360640564,21,0.39746776897727876,,,,True
8,土豆,volume,-0.42922139239419693,0,0.3065867088529979,1.0,1.0,0.12263468354119911,False
8,尖椒,price,0.17441377214748327,1,0.47418744302597016,4.0,3.0,0.04542025316340714,False
8,尖椒,volume,-0.44966050631773014,1,0.6744907594765952,4.0,3.0,0.3747170885981084,False
8,甘蓝,price,0.1547778795430503,0,0.6375712652736659,1.0,1.0,0.028399610925330332,False
8,甘蓝,volume,-0.7619922634086941,1,0.4776123756293728,4.0,3.0,0.09722389325788759,False
8,芸豆,price,-0.06773855696031095,20,0.7659667594742794,21.0,1.0,0.01157924050603576,False
8,芸豆,volume,-1.0387157695939566,4,0.31026574935923384,7.0,3.0,0.22483025315886507,False
8,芹菜,price,-0.22426817752596817,0,0.6019830028328612,4.0,4.0,0.08009577768784569,False
8,芹菜,volume,-0.5395926075812761,13,0.2697963037906381,15.0,2.0,0.3372453797382976,False
8,茄子,price,-0.09948738702279791,0,1.0134223661135846,1.0,1.0,0.37096991771212773,False
8,茄子,volume,-0.43841899365978687,1,0.3709699177121274,4.0,3.0,0.2248302531588651,False
8,西红柿,price,0.1552897329957743,4,0.6729221763150217,5.0,1.0,0.0,False
8,西红柿,volume,-0.19271164556474152,0,1.0599140506060782,1.0,1.0,0.5781349366942244,False
8,青椒,price,-0.012080431513014078,14,0.47113682900753184,15.0,1.0,0.033556754202816175,False
8,青椒,volume,-1.5288457214802824,0,0.7194568101083683,1.0,1.0,1.1241512657943253,False
8,韭菜,price,0.7564227658424638,21,1.2612563404200383,,,,True
8,韭菜,volume,-0.7344454936522925,0,0.16487551898316777,1.0,1.0,0.749434177196217,False
8,黄瓜,price,1.1276101927660014,21,2.701421964878059,,,,True
8,黄瓜,volume,-0.21920949682989344,0,0.6239039525158506,1.0,1.0,0.8431134493457441,False
13,土豆,price,-0.24731327847475162,2,0.292279329106524,3.0,1.0,0.044966050631773,False
13,土豆,volume,0.390080489230631,4,0.569944691757723,7.0,3.0,0.0,False
13,尖椒,price,-0.21448806151355715,21,0.08228787265614458,,,,True
13,尖椒,volume,-0.34848689239624087,0,0.7756643733980845,11.0,11.0,0.10219556961766595,False
13,甘蓝,price,-0.33599632277630403,7,-0.11116606961743875,8.0,1.0,0.0499622784797481,False
13,甘蓝,volume,-0.5545812911252006,17,0.044966050631772836,,,,True
13,芸豆,price,-0.7761996835246524,21,-0.36936398733242076,,,,True
13,芸豆,volume,-1.1129097531363823,17,-0.3035208417644679,,,,True
13,芹菜,price,-0.4641561410608678,21,0.3700824298707112,,,,True
13,芹菜,volume,-0.1686226898691488,0,0.39345294302801387,11.0,11.0,0.05109778480883297,False
13,茄子,price,-0.46496809802216366,1,0.12341745811699378,7.0,6.0,0.04544441287253655,False
13,茄子,volume,-0.6744907594765952,21,0.36318733202585896,,,,True
13,西红柿,price,-0.45415711138090714,0,-0.0644513392388752,2.0,2.0,0.05995473417569719,False
13,西红柿,volume,-0.35169875315565313,0,0.4673257404944982,7.0,7.0,0.04129535262101604,False
13,青椒,price,0.0840047582257214,2,0.8014176569417365,3.0,1.0,0.2697963037906383,False
13,青椒,volume,-1.0791852151625523,9,0.04496605063177306,11.0,2.0,0.5620756328971627,False
13,韭菜,price,-0.9247623307560692,14,-0.21477205762281015,15.0,1.0,0.24849659559663995,False
13,韭菜,volume,0.05058680696074469,11,1.7368137056522328,14.0,3.0,0.0,False
13,黄瓜,price,-2.5508014176569436,2,0.39243098733183723,7.0,5.0,0.11212313923766795,False
13,黄瓜,volume,0.08431134493457443,7,0.9274247942803184,8.0,1.0,0.0,False
