crop,month,month_label,seasonal_index,variable,unit
土豆,1,1月,0.9322033898305084,volume,unknown
土豆,2,2月,0.9152542372881356,volume,unknown
土豆,3,3月,0.9661016949152542,volume,unknown
土豆,4,4月,0.9830508474576272,volume,unknown
土豆,5,5月,0.9830508474576272,volume,unknown
土豆,6,6月,1.0254237288135593,volume,unknown
土豆,7,7月,1.0169491525423728,volume,unknown
土豆,8,8月,1.0338983050847457,volume,unknown
土豆,9,9月,1.0305084745762711,volume,unknown
土豆,10,10月,1.023728813559322,volume,unknown
土豆,11,11月,1.006779661016949,volume,unknown
土豆,12,12月,1.0,volume,unknown
尖椒,1,1月,1.0,volume,unknown
尖椒,2,2月,1.0,volume,unknown
尖椒,3,3月,1.0,volume,unknown
尖椒,4,4月,1.0,volume,unknown
尖椒,5,5月,0.9767441860465116,volume,unknown
尖椒,6,6月,1.0,volume,unknown
尖椒,7,7月,0.9767441860465116,volume,unknown
尖椒,8,8月,1.0,volume,unknown
尖椒,9,9月,1.0,volume,unknown
尖椒,10,10月,1.0,volume,unknown
尖椒,11,11月,0.9418604651162791,volume,unknown
尖椒,12,12月,1.0,volume,unknown
甘蓝,1,1月,1.0377358490566038,volume,unknown
甘蓝,2,2月,1.0,volume,unknown
甘蓝,3,3月,1.0,volume,unknown
甘蓝,4,4月,1.0,volume,unknown
甘蓝,5,5月,1.0377358490566038,volume,unknown
甘蓝,6,6月,1.0188679245283019,volume,unknown
甘蓝,7,7月,1.0,volume,unknown
甘蓝,8,8月,0.9905660377358491,volume,unknown
甘蓝,9,9月,1.0188679245283019,volume,unknown
甘蓝,10,10月,1.0188679245283019,volume,unknown
甘蓝,11,11月,1.0,volume,unknown
甘蓝,12,12月,1.0,volume,unknown
芸豆,1,1月,1.0618556701030928,volume,unknown
芸豆,2,2月,1.0,volume,unknown
芸豆,3,3月,1.0,volume,unknown
芸豆,4,4月,1.0,volume,unknown
芸豆,5,5月,1.0,volume,unknown
芸豆,6,6月,0.979381443298969,volume,unknown
芸豆,7,7月,0.9896907216494846,volume,unknown
芸豆,8,8月,0.9896907216494846,volume,unknown
芸豆,9,9月,1.0,volume,unknown
芸豆,10,10月,1.0103092783505154,volume,unknown
芸豆,11,11月,1.0103092783505154,volume,unknown
芸豆,12,12月,1.041237113402062,volume,unknown
芹菜,1,1月,1.0,volume,unknown
芹菜,2,2月,0.9591836734693877,volume,unknown
芹菜,3,3月,1.0153061224489797,volume,unknown
芹菜,4,4月,1.0204081632653061,volume,unknown
芹菜,5,5月,1.0,volume,unknown
芹菜,6,6月,1.0,volume,unknown
芹菜,7,7月,1.0,volume,unknown
芹菜,8,8月,1.0,volume,unknown
芹菜,9,9月,1.0,volume,unknown
芹菜,10,10月,0.9897959183673469,volume,unknown
芹菜,11,11月,0.9897959183673469,volume,unknown
芹菜,12,12月,0.9897959183673469,volume,unknown
茄子,1,1月,0.9583333333333334,volume,unknown
茄子,2,2月,0.96875,volume,unknown
茄子,3,3月,0.9895833333333334,volume,unknown
茄子,4,4月,1.0,volume,unknown
茄子,5,5月,0.9895833333333334,volume,unknown
茄子,6,6月,1.0,volume,unknown
茄子,7,7月,0.9895833333333334,volume,unknown
茄子,8,8月,0.9895833333333334,volume,unknown
茄子,9,9月,1.0208333333333333,volume,unknown
茄子,10,10月,1.0208333333333333,volume,unknown
茄子,11,11月,1.0,volume,unknown
茄子,12,12月,1.0,volume,unknown
西红柿,1,1月,1.0,volume,unknown
西红柿,2,2月,0.961038961038961,volume,unknown
西红柿,3,3月,0.974025974025974,volume,unknown
西红柿,4,4月,1.025974025974026,volume,unknown
西红柿,5,5月,1.0,volume,unknown
西红柿,6,6月,1.0,volume,unknown
西红柿,7,7月,1.0,volume,unknown
西红柿,8,8月,1.0,volume,unknown
西红柿,9,9月,1.0,volume,unknown
西红柿,10,10月,1.0,volume,unknown
西红柿,11,11月,0.987012987012987,volume,unknown
西红柿,12,12月,1.0,volume,unknown
青椒,1,1月,1.0,volume,unknown
青椒,2,2月,0.971830985915493,volume,unknown
青椒,3,3月,0.971830985915493,volume,unknown
青椒,4,4月,1.0,volume,unknown
青椒,5,5月,1.0,volume,unknown
青椒,6,6月,1.0,volume,unknown
青椒,7,7月,0.9859154929577465,volume,unknown
青椒,8,8月,1.0,volume,unknown
青椒,9,9月,1.0140845070422535,volume,unknown
青椒,10,10月,1.0,volume,unknown
青椒,11,11月,0.9436619718309859,volume,unknown
青椒,12,12月,1.0140845070422535,volume,unknown
韭菜,1,1月,1.0348837209302326,volume,unknown
韭菜,2,2月,1.0116279069767442,volume,unknown
韭菜,3,3月,1.0116279069767442,volume,unknown
韭菜,4,4月,1.0232558139534884,volume,unknown
韭菜,5,5月,0.9883720930232558,volume,unknown
韭菜,6,6月,0.9767441860465116,volume,unknown
韭菜,7,7月,0.9651162790697675,volume,unknown
韭菜,8,8月,0.9651162790697675,volume,unknown
韭菜,9,9月,0.9651162790697675,volume,unknown
韭菜,10,10月,0.9651162790697675,volume,unknown
韭菜,11,11月,1.0116279069767442,volume,unknown
韭菜,12,12月,1.0116279069767442,volume,unknown
黄瓜,1,1月,1.0,volume,unknown
黄瓜,2,2月,0.970873786407767,volume,unknown
黄瓜,3,3月,0.9902912621359223,volume,unknown
黄瓜,4,4月,0.9902912621359223,volume,unknown
黄瓜,5,5月,1.0097087378640777,volume,unknown
黄瓜,6,6月,1.0194174757281553,volume,unknown
黄瓜,7,7月,1.0097087378640777,volume,unknown
黄瓜,8,8月,1.0194174757281553,volume,unknown
黄瓜,9,9月,0.9902912621359223,volume,unknown
黄瓜,10,10月,1.0,volume,unknown
黄瓜,11,11月,0.9902912621359223,volume,unknown
黄瓜,12,12月,0.9902912621359223,volume,unknown
