crop,model,hazard_key,hazard_label,window,beta_A,se_A,p_A,beta_C,se_C,p_C,beta_B,se_B,p_B,delta_C_to_B,r2_A,r2_C,r2_B,n,fdr_p_volume
土豆,per-crop HAC,precip_3d,3日累计降水,lag0-2,0.005624541259121627,0.05490484042416024,0.9184061427848432,-0.005355614600953584,0.008860281173870495,0.5455431782970923,-0.004836335566872855,0.00880725331219333,0.5829155719937293,0.0005192790340807288,0.20791738495646306,0.9627451177474362,0.9627789087742855,1409,
土豆,per-crop HAC,precip_3d,3日累计降水,lag3-14,0.20374506179984594,0.1395154339730018,0.14418662645758643,0.016653254279127352,0.009548739888278045,0.08115448965476225,0.0183946468209005,0.009954672547361095,0.06462542411675241,0.0017413925417731485,0.20791738495646306,0.9627451177474362,0.9627789087742855,1409,
土豆,per-crop HAC,temp_max,日最高气温,lag0-2,0.06955263005443539,0.15165494145244748,0.6465040370094011,0.0005420767262417497,0.02904763926689661,0.9851110259390933,-0.0011093025592217379,0.028982059330229522,0.9694680315873853,-0.0016513792854634876,0.20791738495646306,0.9627451177474362,0.9627789087742855,1409,
土豆,per-crop HAC,temp_max,日最高气温,lag3-14,-0.37599607990897105,0.2933236591594448,0.19989629036260015,-0.008143551740607873,0.028756715321573686,0.7770328587821513,-0.009685071351825156,0.028980864603640084,0.7382373296139019,-0.0015415196112172833,0.20791738495646306,0.9627451177474362,0.9627789087742855,1409,
土豆,per-crop HAC,vpd,饱和水汽压差VPD,lag0-2,-0.020101301910499955,0.13764828778417246,0.8838947094438129,-0.013033435089900812,0.018771934374104085,0.4874913837495225,-0.012240843819402623,0.01853549334545969,0.508997033250404,0.0007925912704981886,0.20791738495646306,0.9627451177474362,0.9627789087742855,1409,
土豆,per-crop HAC,vpd,饱和水汽压差VPD,lag3-14,0.21459519831628468,0.3482388667175794,0.5377428041386683,-0.0002697718469071436,0.024582462375377468,0.9912440638395648,0.001186579375839325,0.025073638224909153,0.96225517444698,0.0014563512227464687,0.20791738495646306,0.9627451177474362,0.9627789087742855,1409,
土豆,per-crop HAC,soil_z,土壤水分异常,lag0-2,-0.03225547935602258,0.08845028461106465,0.7153551043392272,0.011232371555975023,0.00951559731028608,0.23783445710509898,0.01076329242103768,0.00952038097176886,0.25824340502378695,-0.00046907913493734327,0.20791738495646306,0.9627451177474362,0.9627789087742855,1409,
土豆,per-crop HAC,soil_z,土壤水分异常,lag3-14,0.03873551211117296,0.1294541988364461,0.7647708538785782,-0.012292846441047393,0.009519915443568035,0.19660769453287052,-0.013083889758764965,0.009466894188701482,0.16695087990813506,-0.0007910433177175727,0.20791738495646306,0.9627451177474362,0.9627789087742855,1409,
土豆,per-crop HAC,wind,风速,lag0-2,0.16583661263974217,0.06386486669874257,0.009412961224311662,0.013111927133319082,0.008830310025766987,0.13757632354264593,0.01397520439860872,0.00885319900607679,0.11443964520878121,0.0008632772652896383,0.20791738495646306,0.9627451177474362,0.9627789087742855,1409,
土豆,per-crop HAC,wind,风速,lag3-14,0.6894359941278458,0.17974520141045558,0.00012524310057416402,0.023835162174938234,0.014225093075929722,0.09382213263771987,0.026943510155249942,0.014365790651345328,0.060719474961323905,0.0031083479803117077,0.20791738495646306,0.9627451177474362,0.9627789087742855,1409,
土豆,per-crop HAC,volume_z,成交量异常,同日,,,,,,,0.008615279613167298,0.006811419223080502,0.20593268334300474,,0.20791738495646306,0.9627451177474362,0.9627789087742855,1409,0.8096429503926691
土豆,per-crop HAC,price_lag1,价格滞后(上一交易日),t-1,,,,0.9745285011939222,0.006726139847266445,0.0,0.9732102763833962,0.00716436977997686,0.0,,0.20791738495646306,0.9627451177474362,0.9627789087742855,1409,
尖椒,per-crop HAC,precip_3d,3日累计降水,lag0-2,-0.031974436351682484,0.0715728852108459,0.6550631441770436,-0.0035260917946782237,0.010469593580848657,0.7362725208727726,-0.003849150816771031,0.010238894082958817,0.7069657881838795,-0.0003230590220928073,0.06790467144962553,0.941752080637255,0.9417825062230827,1409,
尖椒,per-crop HAC,precip_3d,3日累计降水,lag3-14,-0.054092680146545086,0.17953950437275024,0.7631966660569703,0.009382709086448095,0.014648324228754318,0.5218272946365625,0.008871887904129551,0.014787383064766381,0.5485306601018407,-0.0005108211823185438,0.06790467144962553,0.941752080637255,0.9417825062230827,1409,
尖椒,per-crop HAC,temp_max,日最高气温,lag0-2,0.08736856940415219,0.30648019211235566,0.775589860860396,-0.044398490892961245,0.05664440575818588,0.43315119895538934,-0.04106537953810535,0.056642833023007697,0.46845933472896406,0.0033331113548558944,0.06790467144962553,0.941752080637255,0.9417825062230827,1409,
尖椒,per-crop HAC,temp_max,日最高气温,lag3-14,0.27944152054157945,0.6357337211145301,0.660257633099014,0.015271563754728788,0.06587499989828456,0.8166728551263371,0.011795628782781032,0.06619809794515957,0.8585762575930249,-0.0034759349719477566,0.06790467144962553,0.941752080637255,0.9417825062230827,1409,
尖椒,per-crop HAC,vpd,饱和水汽压差VPD,lag0-2,-0.3115937200169802,0.1630432567974531,0.05599035056760743,-0.0011982799199000728,0.022183750726900837,0.95692232904069,-0.0007398960555356597,0.022261489629721326,0.9734859177707018,0.0004583838643644131,0.06790467144962553,0.941752080637255,0.9417825062230827,1409,
尖椒,per-crop HAC,vpd,饱和水汽压差VPD,lag3-14,-0.6078351193727624,0.39617823249733014,0.12496898918124781,0.015396666720572383,0.03586197466140756,0.6676821717218666,0.017677216027465956,0.036474558098805364,0.6279281127765184,0.002280549306893573,0.06790467144962553,0.941752080637255,0.9417825062230827,1409,
尖椒,per-crop HAC,soil_z,土壤水分异常,lag0-2,-0.07701478716364636,0.116114028777691,0.5071585549097217,0.024139672454913698,0.013041701687143446,0.06417526041099407,0.025452449146677162,0.013168385522403426,0.05325528529683141,0.001312776691763464,0.06790467144962553,0.941752080637255,0.9417825062230827,1409,
尖椒,per-crop HAC,soil_z,土壤水分异常,lag3-14,0.10363674345288676,0.17785478082723088,0.5600923860249926,-0.00410233747783689,0.014523232639776559,0.7775852608967214,-0.002666354800570583,0.015091620894158792,0.8597614575734669,0.001435982677266307,0.06790467144962553,0.941752080637255,0.9417825062230827,1409,
尖椒,per-crop HAC,wind,风速,lag0-2,0.28530796288556465,0.10184153783690025,0.005086735219808882,0.04256270671662593,0.01794299873518258,0.017686984324453654,0.042129365208363335,0.017840467330652334,0.018203644011901634,-0.0004333415082625955,0.06790467144962553,0.941752080637255,0.9417825062230827,1409,
尖椒,per-crop HAC,wind,风速,lag3-14,0.22175130633851867,0.26883157002083014,0.4094449581608852,-0.07393769920438589,0.030343960811889305,0.01482390215890848,-0.07430727925801614,0.030392889624100684,0.014489623033505714,-0.0003695800536302474,0.06790467144962553,0.941752080637255,0.9417825062230827,1409,
尖椒,per-crop HAC,volume_z,成交量异常,同日,,,,,,,-0.004030101867463448,0.006050630643767601,0.5053707622460912,,0.06790467144962553,0.941752080637255,0.9417825062230827,1409,0.8096429503926691
尖椒,per-crop HAC,price_lag1,价格滞后(上一交易日),t-1,,,,0.9669482871998287,0.009803421302085781,0.0,0.9665351190125233,0.009928433657764149,0.0,,0.06790467144962553,0.941752080637255,0.9417825062230827,1409,
甘蓝,per-crop HAC,precip_3d,3日累计降水,lag0-2,0.07771136143464755,0.06424827123860838,0.22645242101383278,0.012397968567692028,0.009179900567723446,0.17683774625865434,0.012409355489421084,0.009147133177016448,0.17489601700441137,1.138692172905631e-05,0.06378966320433643,0.9184820658923789,0.9184877344448332,1409,
甘蓝,per-crop HAC,precip_3d,3日累计降水,lag3-14,0.1830388231161762,0.16029128563796005,0.25348987252919886,0.03847556186785881,0.021857475612477046,0.07835813617423928,0.03900975407032114,0.021756417084627742,0.07296926235633212,0.0005341922024623275,0.06378966320433643,0.9184820658923789,0.9184877344448332,1409,
甘蓝,per-crop HAC,temp_max,日最高气温,lag0-2,0.26961704911351425,0.29889036344879394,0.36702498188362753,0.07505992373806682,0.04677135056890979,0.10853189396546416,0.07695492233388118,0.04637879391324849,0.0970614803335359,0.001894998595814365,0.06378966320433643,0.9184820658923789,0.9184877344448332,1409,
甘蓝,per-crop HAC,temp_max,日最高气温,lag3-14,0.23150345752449544,0.5406398211472226,0.6685035152076181,-0.07221902061462748,0.059311067718014504,0.22336406242488482,-0.07320521518612542,0.05928474825281957,0.21690238519789484,-0.000986194571497942,0.06378966320433643,0.9184820658923789,0.9184877344448332,1409,
甘蓝,per-crop HAC,vpd,饱和水汽压差VPD,lag0-2,-0.31341970710784883,0.16438520528889508,0.05657013886298394,-0.048773498717389535,0.02187452836335552,0.025767782490070574,-0.04938621327475472,0.021909547507495346,0.024190158326274618,-0.0006127145573651821,0.06378966320433643,0.9184820658923789,0.9184877344448332,1409,
甘蓝,per-crop HAC,vpd,饱和水汽压差VPD,lag3-14,-0.23125731705435074,0.3863479866540947,0.5494579353963458,0.06347069040173639,0.03565964957591544,0.07509195993609269,0.06331134845209518,0.035494822514031375,0.07447593693678897,-0.0001593419496412063,0.06378966320433643,0.9184820658923789,0.9184877344448332,1409,
甘蓝,per-crop HAC,soil_z,土壤水分异常,lag0-2,-0.2199779156284346,0.12231685325387276,0.07210938775892166,-0.017618925173965228,0.010745719221806147,0.10108364007004106,-0.017950287792072153,0.010917527742894851,0.10014078543002881,-0.000331362618106925,0.06378966320433643,0.9184820658923789,0.9184877344448332,1409,
甘蓝,per-crop HAC,soil_z,土壤水分异常,lag3-14,0.06245027048390853,0.19592851559035593,0.7499236201089545,0.021797279880485722,0.014281980723319817,0.1269579559222789,0.021279949741777073,0.013601778241276894,0.11770075050586987,-0.0005173301387086486,0.06378966320433643,0.9184820658923789,0.9184877344448332,1409,
甘蓝,per-crop HAC,wind,风速,lag0-2,0.13407230279782942,0.09726184909526366,0.16805898012070652,0.00948845209253523,0.017439669827305503,0.5863912942653734,0.00938722820105297,0.017412654970174093,0.5898152440711238,-0.00010122389148226052,0.06378966320433643,0.9184820658923789,0.9184877344448332,1409,
甘蓝,per-crop HAC,wind,风速,lag3-14,0.168761069775751,0.22533831356547054,0.4539035525958729,-0.00993689899985288,0.02411912029294107,0.6803448495578586,-0.009862476627393174,0.024141244418614035,0.6828829670487822,7.442237245970651e-05,0.06378966320433643,0.9184820658923789,0.9184877344448332,1409,
甘蓝,per-crop HAC,volume_z,成交量异常,同日,,,,,,,-0.0033405493604851504,0.013074196876923112,0.7983315059396059,,0.06378966320433643,0.9184820658923789,0.9184877344448332,1409,0.8096429503926691
甘蓝,per-crop HAC,price_lag1,价格滞后(上一交易日),t-1,,,,0.9557370487016986,0.012594061435217753,0.0,0.9552282744082312,0.012798187847342962,0.0,,0.06378966320433643,0.9184820658923789,0.9184877344448332,1409,
芸豆,per-crop HAC,precip_3d,3日累计降水,lag0-2,-0.008186247829743015,0.06490338332951172,0.8996292145692377,-0.008831731154311032,0.013423694525475377,0.5105888657339555,-0.008764436182531251,0.01342757412043467,0.5139372864650991,6.729497177978064e-05,0.07828063389119655,0.9369796615106649,0.9369862269084712,1409,
芸豆,per-crop HAC,precip_3d,3日累计降水,lag3-14,-0.06028746682360096,0.13128324963976315,0.6460785255928284,0.014728925178981788,0.019410823079232857,0.447972432933061,0.015137572862494723,0.019688301161245873,0.4419756525325299,0.0004086476835129353,0.07828063389119655,0.9369796615106649,0.9369862269084712,1409,
芸豆,per-crop HAC,temp_max,日最高气温,lag0-2,-0.23057721199598058,0.21986511299049416,0.2943064396913305,-0.028139804156799727,0.047658323128884766,0.554889739323739,-0.029912375706476625,0.047254751451777766,0.5267320117908216,-0.0017725715496768983,0.07828063389119655,0.9369796615106649,0.9369862269084712,1409,
芸豆,per-crop HAC,temp_max,日最高气温,lag3-14,0.3496448665533017,0.34874091337746194,0.31605773414330973,0.10825235281833372,0.06044717473369943,0.0733159618826311,0.10888376252007959,0.05975493967638766,0.06842893081873709,0.0006314097017458692,0.07828063389119655,0.9369796615106649,0.9369862269084712,1409,
芸豆,per-crop HAC,vpd,饱和水汽压差VPD,lag0-2,-0.05756370215020538,0.15781007909371236,0.7152863195418919,-0.025021424190318053,0.030294751840777102,0.40884230710623737,-0.024929183129188216,0.030363161600738306,0.4116269936899897,9.224106112983715e-05,0.07828063389119655,0.9369796615106649,0.9369862269084712,1409,
芸豆,per-crop HAC,vpd,饱和水汽压差VPD,lag3-14,-0.27165868710665486,0.3228336202355644,0.40007795317120165,-0.003389472282636412,0.03951978368997562,0.9316520624946741,-0.004008431429680617,0.039024670570715285,0.9181889163072201,-0.0006189591470442055,0.07828063389119655,0.9369796615106649,0.9369862269084712,1409,
芸豆,per-crop HAC,soil_z,土壤水分异常,lag0-2,-0.061651846794913964,0.11336025898109925,0.5865394170772731,0.011327306357340007,0.016652045628588266,0.4963555943228469,0.01096847049534993,0.016535361375408193,0.5071165459096505,-0.0003588358619900766,0.07828063389119655,0.9369796615106649,0.9369862269084712,1409,
芸豆,per-crop HAC,soil_z,土壤水分异常,lag3-14,0.04650132817295761,0.13882908212583497,0.7376599396490711,-0.0025894460840424384,0.017167360687954738,0.8801055436663987,-0.0031537135342493312,0.01749773520771377,0.8569676682450091,-0.0005642674502068928,0.07828063389119655,0.9369796615106649,0.9369862269084712,1409,
芸豆,per-crop HAC,wind,风速,lag0-2,0.15979456840755799,0.09027476341059736,0.07671194168734001,0.03321600175767258,0.015490633720056329,0.03201177302464002,0.03353904792086299,0.015350199503148377,0.028894282737968565,0.000323046163190413,0.07828063389119655,0.9369796615106649,0.9369862269084712,1409,
芸豆,per-crop HAC,wind,风速,lag3-14,0.2081190861644115,0.20615314802749146,0.3127175020525429,-0.03883288671664177,0.02539691815141865,0.1262546941073998,-0.0387728354309863,0.02551657461620889,0.12863274225357346,6.0051285655469966e-05,0.07828063389119655,0.9369796615106649,0.9369862269084712,1409,
芸豆,per-crop HAC,volume_z,成交量异常,同日,,,,,,,0.0027021679015567157,0.011217589800877406,0.8096429503926691,,0.07828063389119655,0.9369796615106649,0.9369862269084712,1409,0.8096429503926691
芸豆,per-crop HAC,price_lag1,价格滞后(上一交易日),t-1,,,,0.9669209321806432,0.008261761259068105,0.0,0.9671721836611897,0.008393514101352143,0.0,,0.07828063389119655,0.9369796615106649,0.9369862269084712,1409,
芹菜,per-crop HAC,precip_3d,3日累计降水,lag0-2,-0.004429651033644396,0.06535597745116824,0.9459629221770225,0.019401707452499493,0.01209738804230124,0.10875966635451503,0.019122314681857808,0.011928775740606008,0.10892563782740931,-0.0002793927706416857,0.0719931705700193,0.926084992240342,0.9261088982063809,1409,
芹菜,per-crop HAC,precip_3d,3日累计降水,lag3-14,-0.11154015589208538,0.1615260961135075,0.4898549544430869,0.0007919174108668159,0.018907152728278243,0.9665907401952785,0.0008833760277265033,0.018968252891325414,0.9628549135495079,9.145861685968745e-05,0.0719931705700193,0.926084992240342,0.9261088982063809,1409,
芹菜,per-crop HAC,temp_max,日最高气温,lag0-2,0.14089845907940918,0.24514180362873733,0.5654515365238527,0.0030959811315548896,0.046027596941457506,0.9463718669919164,0.006264150519725821,0.045748093689844574,0.891088474548049,0.0031681693881709314,0.0719931705700193,0.926084992240342,0.9261088982063809,1409,
芹菜,per-crop HAC,temp_max,日最高气温,lag3-14,0.31175462196335224,0.43539957752235653,0.4739792598155318,-0.020119490832940165,0.05049356663553766,0.6902937026899769,-0.02294113336049035,0.05034354542926507,0.648611726188032,-0.0028216425275501833,0.0719931705700193,0.926084992240342,0.9261088982063809,1409,
芹菜,per-crop HAC,vpd,饱和水汽压差VPD,lag0-2,-0.29879092971474364,0.15558294485277754,0.05479973387189864,-0.025548560001001235,0.022291497461860876,0.2517486782171413,-0.025520954433328635,0.02223139552346017,0.25098133278097845,2.760556767259989e-05,0.0719931705700193,0.926084992240342,0.9261088982063809,1409,
芹菜,per-crop HAC,vpd,饱和水汽压差VPD,lag3-14,-0.44374420493425826,0.3304421554823627,0.17931079117748872,0.0022466304348318367,0.030648135281736245,0.9415642210295169,0.005535905278159475,0.030761634237777974,0.8571829096469495,0.0032892748433276386,0.0719931705700193,0.926084992240342,0.9261088982063809,1409,
芹菜,per-crop HAC,soil_z,土壤水分异常,lag0-2,-0.0923170336928496,0.11887565619841128,0.43740374239652535,-0.0028130547245765938,0.012200482817402394,0.8176495511306624,-0.0020217293669880405,0.01226900077471344,0.869114360932189,0.0007913253575885532,0.0719931705700193,0.926084992240342,0.9261088982063809,1409,
芹菜,per-crop HAC,soil_z,土壤水分异常,lag3-14,0.13308667729235568,0.15948111160792025,0.4040003834725061,0.01198128988555842,0.013713808457601024,0.38230010425800454,0.013045756754796422,0.013790686292562393,0.34415718449368904,0.001064466869238001,0.0719931705700193,0.926084992240342,0.9261088982063809,1409,
芹菜,per-crop HAC,wind,风速,lag0-2,0.11268331177305435,0.08584008942840067,0.18928002701031432,0.023362264351988217,0.017559555100415198,0.1833671570445612,0.023013969198688245,0.017311953795949964,0.18372636496877515,-0.0003482951532999719,0.0719931705700193,0.926084992240342,0.9261088982063809,1409,
芹菜,per-crop HAC,wind,风速,lag3-14,0.24537884225430193,0.22482001854675168,0.27507681323377253,-0.019976585378640707,0.0222014091626787,0.36823251026231507,-0.019375847254745497,0.02212123263864425,0.3810878505434647,0.00060073812389521,0.0719931705700193,0.926084992240342,0.9261088982063809,1409,
芹菜,per-crop HAC,volume_z,成交量异常,同日,,,,,,,-0.004788923893090797,0.007713547892370791,0.5347010784840462,,0.0719931705700193,0.926084992240342,0.9261088982063809,1409,0.8096429503926691
芹菜,per-crop HAC,price_lag1,价格滞后(上一交易日),t-1,,,,0.9595886472063374,0.012417017905806635,0.0,0.9584817715374838,0.013410592201337739,0.0,,0.0719931705700193,0.926084992240342,0.9261088982063809,1409,
茄子,per-crop HAC,precip_3d,3日累计降水,lag0-2,-0.0058798992514224255,0.06020712882532836,0.9222013419419297,0.005835636671570381,0.009843725697478285,0.5532962361694593,0.00410477561046595,0.009807975738758202,0.6755713190930872,-0.0017308610611044307,0.09763936711492416,0.9469112978016013,0.9470233531830353,1409,
茄子,per-crop HAC,precip_3d,3日累计降水,lag3-14,-0.014841153813636876,0.12423874612789283,0.9049135223905105,0.01810149669380745,0.015361594296722665,0.23865289829497083,0.015707225311576437,0.01600951919495411,0.32653462093190677,-0.002394271382231014,0.09763936711492416,0.9469112978016013,0.9470233531830353,1409,
茄子,per-crop HAC,temp_max,日最高气温,lag0-2,0.07451676897286079,0.23434740711711433,0.750503407972014,-0.04297326188769228,0.04289137874319121,0.3163875060025967,-0.03523490780941229,0.04141090762762128,0.3948468191834894,0.0077383540782799895,0.09763936711492416,0.9469112978016013,0.9470233531830353,1409,
茄子,per-crop HAC,temp_max,日最高气温,lag3-14,0.19846519935948703,0.35422790735135684,0.575291571671684,0.022006570532760887,0.0646813807066291,0.7336830438361297,0.01727004811759251,0.06518725819585304,0.7910635312963946,-0.004736522415168379,0.09763936711492416,0.9469112978016013,0.9470233531830353,1409,
茄子,per-crop HAC,vpd,饱和水汽压差VPD,lag0-2,-0.18560019107943498,0.1402797853069636,0.18581158929054487,0.005230236117782557,0.018945358897522278,0.7824946715650616,0.00419338044707936,0.01887774715705645,0.8242099435612275,-0.0010368556707031976,0.09763936711492416,0.9469112978016013,0.9470233531830353,1409,
茄子,per-crop HAC,vpd,饱和水汽压差VPD,lag3-14,-0.430288642694244,0.3326694401234439,0.19585821446556684,-0.025953752597804622,0.03356551850402255,0.4393882714465561,-0.025367743272560084,0.03383775926148889,0.4534429710626259,0.0005860093252445381,0.09763936711492416,0.9469112978016013,0.9470233531830353,1409,
茄子,per-crop HAC,soil_z,土壤水分异常,lag0-2,-0.0012774624377675549,0.09976368537358964,0.9897834597937678,0.023639505047300856,0.01170232763844876,0.04337626846413303,0.02479962837175205,0.011878117437196368,0.03681212063109279,0.001160123324451194,0.09763936711492416,0.9469112978016013,0.9470233531830353,1409,
茄子,per-crop HAC,soil_z,土壤水分异常,lag3-14,0.19000747630730908,0.16628954527734394,0.25319211147878595,-0.020325729437441074,0.014719643264830714,0.16732278726951522,-0.019339093786369065,0.014923464548683828,0.195015109416249,0.0009866356510720084,0.09763936711492416,0.9469112978016013,0.9470233531830353,1409,
茄子,per-crop HAC,wind,风速,lag0-2,0.16043602753103245,0.0798583984938668,0.04453646316094568,0.025581471120455456,0.014657367837508727,0.08093305324854626,0.026382585886257214,0.014870419988030816,0.0760357815345792,0.0008011147658017574,0.09763936711492416,0.9469112978016013,0.9470233531830353,1409,
茄子,per-crop HAC,wind,风速,lag3-14,0.17441220457132622,0.16314240042458453,0.2850338240897623,-0.030956322289233,0.020575846858986942,0.13245316490380635,-0.026132863738770103,0.019657464870986248,0.18371218077941798,0.004823458550462897,0.09763936711492416,0.9469112978016013,0.9470233531830353,1409,
茄子,per-crop HAC,volume_z,成交量异常,同日,,,,,,,-0.009501918411201484,0.008181138481103157,0.245462168784911,,0.09763936711492416,0.9469112978016013,0.9470233531830353,1409,0.8096429503926691
茄子,per-crop HAC,price_lag1,价格滞后(上一交易日),t-1,,,,0.9685957453051989,0.009710630207883906,0.0,0.9659925110065076,0.010190703749368788,0.0,,0.09763936711492416,0.9469112978016013,0.9470233531830353,1409,
西红柿,per-crop HAC,precip_3d,3日累计降水,lag0-2,-0.015296128728448606,0.04140638512169617,0.711818617632241,0.011862495393929858,0.010752498194033972,0.26992661762908277,0.011975697005875235,0.010651085083475443,0.2608586227752314,0.00011320161194537659,0.1268113060161954,0.958057590093905,0.9580711258843284,1409,
西红柿,per-crop HAC,precip_3d,3日累计降水,lag3-14,-0.11950115107006293,0.11784885774296733,0.3105729971309926,-0.02048796154682459,0.013995133018615092,0.14321177768667262,-0.020315161851433103,0.014009691039624088,0.14703642918368567,0.0001727996953914887,0.1268113060161954,0.958057590093905,0.9580711258843284,1409,
西红柿,per-crop HAC,temp_max,日最高气温,lag0-2,-0.1418775434408813,0.20385273416871144,0.4864409938949019,-0.059933584583264476,0.0452460008732181,0.18529848851780029,-0.058438571238017614,0.04476743284742654,0.19176303094228242,0.0014950133452468622,0.1268113060161954,0.958057590093905,0.9580711258843284,1409,
西红柿,per-crop HAC,temp_max,日最高气温,lag3-14,-0.3603656186764834,0.44411559942910744,0.4171227867131795,0.04059632688115788,0.05556147776276176,0.4649892998296159,0.0381836144340538,0.05572891052695154,0.4932384999677021,-0.0024127124471040803,0.1268113060161954,0.958057590093905,0.9580711258843284,1409,
西红柿,per-crop HAC,vpd,饱和水汽压差VPD,lag0-2,0.010048610125359759,0.13361408287411505,0.9400506354468245,0.008334429400058997,0.01679912201945849,0.6198076921922764,0.008534774856734824,0.016844278440783685,0.6123745390369114,0.0002003454566758267,0.1268113060161954,0.958057590093905,0.9580711258843284,1409,
西红柿,per-crop HAC,vpd,饱和水汽压差VPD,lag3-14,0.06946485010125517,0.3349878969070153,0.835724616635936,-0.04319682761623479,0.03286716104925108,0.188750202068662,-0.042041324516705884,0.03316144216551976,0.20487748109423198,0.0011555030995289081,0.1268113060161954,0.958057590093905,0.9580711258843284,1409,
西红柿,per-crop HAC,soil_z,土壤水分异常,lag0-2,0.03707894801814285,0.10215688358064375,0.716634139360232,0.00246485959568922,0.009655878583037328,0.7985142915488778,0.002660565570462122,0.009642248520921916,0.7826034296357887,0.00019570597477290216,0.1268113060161954,0.958057590093905,0.9580711258843284,1409,
西红柿,per-crop HAC,soil_z,土壤水分异常,lag3-14,0.1924607804087397,0.15612835972735112,0.21768448137933882,0.0034865518345342378,0.012239034838710671,0.7757426150842259,0.004066068774495654,0.0123429227703693,0.7418343858729763,0.0005795169399614164,0.1268113060161954,0.958057590093905,0.9580711258843284,1409,
西红柿,per-crop HAC,wind,风速,lag0-2,0.1286393002795829,0.0833400910390429,0.12269825043962151,0.01784101702372221,0.013882017214589102,0.19872621635548848,0.01783826268201396,0.013826258819598512,0.19699067720920338,-2.7543417082491473e-06,0.1268113060161954,0.958057590093905,0.9580711258843284,1409,
西红柿,per-crop HAC,wind,风速,lag3-14,0.48724947973981303,0.17349853687546746,0.004979173932189884,0.00210761465354181,0.019388088341795503,0.9134351459062824,0.0026881216887567096,0.01931706752181725,0.8893254109239482,0.0005805070352148996,0.1268113060161954,0.958057590093905,0.9580711258843284,1409,
西红柿,per-crop HAC,volume_z,成交量异常,同日,,,,,,,-0.005685869865349984,0.009817665567817466,0.5624901055313225,,0.1268113060161954,0.958057590093905,0.9580711258843284,1409,0.8096429503926691
西红柿,per-crop HAC,price_lag1,价格滞后(上一交易日),t-1,,,,0.9736018237223631,0.006978823502994309,0.0,0.9730827747728589,0.007192173352391332,0.0,,0.1268113060161954,0.958057590093905,0.9580711258843284,1409,
青椒,per-crop HAC,precip_3d,3日累计降水,lag0-2,-0.04402901216831496,0.0741497722000839,0.5526560159853054,-0.0027613353215097617,0.009080487212544642,0.7610551332074492,-0.0029261294716781613,0.00894095571951467,0.7434617442561313,-0.00016479415016839964,0.12466838022116222,0.943702378201655,0.943720705969289,1409,
青椒,per-crop HAC,precip_3d,3日累计降水,lag3-14,-0.16021101206355043,0.15976046207874275,0.31594764025122857,-0.0035733256582422615,0.013826649944827398,0.7960692331049581,-0.0037846284841835803,0.013842590666693941,0.7845421882856608,-0.00021130282594131883,0.12466838022116222,0.943702378201655,0.943720705969289,1409,
青椒,per-crop HAC,temp_max,日最高气温,lag0-2,-0.0026432373876693026,0.24506194181352597,0.9913941863245481,-0.06200802594657836,0.04825989595343989,0.19883530115405612,-0.05970102621601731,0.04753275625025642,0.20911685210199016,0.0023069997305610462,0.12466838022116222,0.943702378201655,0.943720705969289,1409,
青椒,per-crop HAC,temp_max,日最高气温,lag3-14,-0.050132353479461315,0.5031491275714232,0.9206323859014796,0.001415440413886481,0.07125796772478601,0.9841521751702274,-0.0005384679964253597,0.07135803966268786,0.993979217681624,-0.001953908410311841,0.12466838022116222,0.943702378201655,0.943720705969289,1409,
青椒,per-crop HAC,vpd,饱和水汽压差VPD,lag0-2,-0.20298067745029497,0.14665944773206674,0.16635009986250104,0.010012674617593774,0.020867574896848002,0.6313555664349579,0.010396276268908732,0.02094516278229502,0.6196426211641044,0.0003836016513149576,0.12466838022116222,0.943702378201655,0.943720705969289,1409,
青椒,per-crop HAC,vpd,饱和水汽压差VPD,lag3-14,-0.326284677640836,0.34553665540873746,0.3450246248854528,0.012984675069470916,0.03516281291509161,0.7119242981531114,0.014712950399915076,0.035939023442243485,0.6822560578903927,0.0017282753304441595,0.12466838022116222,0.943702378201655,0.943720705969289,1409,
青椒,per-crop HAC,soil_z,土壤水分异常,lag0-2,0.01628163376764475,0.09857459723036757,0.8688096381504109,0.02559576778854686,0.013108937901059391,0.05087374515716873,0.026176875311033774,0.01321394745985084,0.04759088834712963,0.0005811075224869122,0.12466838022116222,0.943702378201655,0.943720705969289,1409,
青椒,per-crop HAC,soil_z,土壤水分异常,lag3-14,0.24525815980110913,0.15096732568118945,0.10425255911927178,-0.0006932644005573189,0.014489452168085339,0.9618388618401766,0.00018576413106584366,0.015146337546103845,0.9902144913974809,0.0008790285316231626,0.12466838022116222,0.943702378201655,0.943720705969289,1409,
青椒,per-crop HAC,wind,风速,lag0-2,0.30265729792833895,0.08814058271865409,0.0005951790629061921,0.02811741052393852,0.017225673270066535,0.10261698721630415,0.027542167966330848,0.017061912210275205,0.1064735133141925,-0.000575242557607672,0.12466838022116222,0.943702378201655,0.943720705969289,1409,
青椒,per-crop HAC,wind,风速,lag3-14,0.5672358875714621,0.22712512720080616,0.012508662700161845,-0.046182113119295855,0.027432166461143655,0.0922779101026388,-0.04547272673998907,0.027821005982899737,0.10215924202791705,0.0007093863793067867,0.12466838022116222,0.943702378201655,0.943720705969289,1409,
青椒,per-crop HAC,volume_z,成交量异常,同日,,,,,,,-0.0035660679061674215,0.008372580470168398,0.6701645366570186,,0.12466838022116222,0.943702378201655,0.943720705969289,1409,0.8096429503926691
青椒,per-crop HAC,price_lag1,价格滞后(上一交易日),t-1,,,,0.9692088553260985,0.008387401499930591,0.0,0.967842373428984,0.008777323214103327,0.0,,0.12466838022116222,0.943702378201655,0.943720705969289,1409,
韭菜,per-crop HAC,precip_3d,3日累计降水,lag0-2,0.06554003474855115,0.05991472873721691,0.2740038683852072,0.043169825234240296,0.011275508438709388,0.00012885506189520656,0.043076919298260914,0.011243940089697646,0.0001275596297351515,-9.290593597938157e-05,0.17039127603910087,0.941077634252969,0.9410941220686416,1409,
韭菜,per-crop HAC,precip_3d,3日累计降水,lag3-14,0.3606159524068189,0.11392948908502476,0.0015494677570827887,0.01605017681319315,0.01983689048996898,0.41845331632265403,0.016571994634573955,0.020009880527083142,0.40756257565554743,0.0005218178213808045,0.17039127603910087,0.941077634252969,0.9410941220686416,1409,
韭菜,per-crop HAC,temp_max,日最高气温,lag0-2,-0.008185695819454723,0.22613855560876964,0.971124719129711,-0.004572359178873216,0.042492283358752554,0.9143094594558756,-0.0030171433602837437,0.041946225503344876,0.9426585381554191,0.0015552158185894727,0.17039127603910087,0.941077634252969,0.9410941220686416,1409,
韭菜,per-crop HAC,temp_max,日最高气温,lag3-14,-0.6060537666181066,0.37636891675927037,0.10733997435935591,-0.08138671358460109,0.05960110826340199,0.17208857415365908,-0.08356440205948673,0.05981267389439066,0.16238292191683434,-0.0021776884748856418,0.17039127603910087,0.941077634252969,0.9410941220686416,1409,
韭菜,per-crop HAC,vpd,饱和水汽压差VPD,lag0-2,-0.1559713498818224,0.14780366149233096,0.29130625016855893,-0.018584831079638958,0.02048772121146846,0.36434309986535385,-0.01798222803081803,0.020410762754880463,0.37830864369482264,0.0006026030488209266,0.17039127603910087,0.941077634252969,0.9410941220686416,1409,
韭菜,per-crop HAC,vpd,饱和水汽压差VPD,lag3-14,0.13231460979801787,0.2617258164884437,0.6131749417019083,0.031125834506699132,0.03661968409528919,0.39533870448921105,0.033148695993390875,0.03768474045771005,0.3790588073608606,0.0020228614866917433,0.17039127603910087,0.941077634252969,0.9410941220686416,1409,
韭菜,per-crop HAC,soil_z,土壤水分异常,lag0-2,-0.08420049130682394,0.11717694254363954,0.4724024543662062,0.0018579392971287377,0.010573577388409913,0.8605176165811146,0.0024389686022099795,0.010513038942751251,0.816542183011067,0.0005810293050812418,0.17039127603910087,0.941077634252969,0.9410941220686416,1409,
韭菜,per-crop HAC,soil_z,土壤水分异常,lag3-14,0.2695867324382025,0.1288055007013218,0.0363513588544533,0.009294675961991773,0.012336329755151433,0.45118595922558147,0.010048806677897648,0.012624847962335066,0.42605838400833573,0.0007541307159058749,0.17039127603910087,0.941077634252969,0.9410941220686416,1409,
韭菜,per-crop HAC,wind,风速,lag0-2,0.19497826437640864,0.0765422177566855,0.010855082232692034,0.032157451358328454,0.017563929811417585,0.06711842599881968,0.03196226752077653,0.017535549028232053,0.06834691919195149,-0.0001951838375519252,0.17039127603910087,0.941077634252969,0.9410941220686416,1409,
韭菜,per-crop HAC,wind,风速,lag3-14,0.28760700657597554,0.16442326675926117,0.0802587363525865,-0.03501648311122526,0.026723804370032734,0.1900907959953042,-0.03433238297168177,0.026711787719642128,0.19869110281833025,0.0006841001395434879,0.17039127603910087,0.941077634252969,0.9410941220686416,1409,
韭菜,per-crop HAC,volume_z,成交量异常,同日,,,,,,,-0.003120736015155387,0.007344728057725361,0.6709134393898952,,0.17039127603910087,0.941077634252969,0.9410941220686416,1409,0.8096429503926691
韭菜,per-crop HAC,price_lag1,价格滞后(上一交易日),t-1,,,,0.9609389565115477,0.01088836738767802,0.0,0.9601423850876053,0.011169476732659972,0.0,,0.17039127603910087,0.941077634252969,0.9410941220686416,1409,
黄瓜,per-crop HAC,precip_3d,3日累计降水,lag0-2,0.16995235507504536,0.07961399699702269,0.032785157842908745,0.0741212302990543,0.020901059198384486,0.0003906950699771123,0.0726991057132972,0.02006031859743133,0.00029005301292402033,-0.0014221245857571063,0.14864560900773582,0.9069082626059424,0.9070738825464398,1409,
黄瓜,per-crop HAC,precip_3d,3日累计降水,lag3-14,0.8318589502257637,0.20975911346523277,7.315565353808639e-05,0.04949985214213121,0.033399908121102544,0.1383308285352603,0.05153785821692802,0.0339887950681149,0.1294386912207209,0.0020380060747968165,0.14864560900773582,0.9069082626059424,0.9070738825464398,1409,
黄瓜,per-crop HAC,temp_max,日最高气温,lag0-2,-0.6248063826522975,0.27814604970882445,0.024683208150933573,-0.10110489818004496,0.05283151658561322,0.0556555350035047,-0.09561861861811335,0.05305452744370209,0.07150283104569391,0.005486279561931609,0.14864560900773582,0.9069082626059424,0.9070738825464398,1409,
黄瓜,per-crop HAC,temp_max,日最高气温,lag3-14,-0.392513969796166,0.3940415706769872,0.3191902647638214,0.12658963641085053,0.08088431758758557,0.11756644623995546,0.11334485981299314,0.08073170839069743,0.16032791896670673,-0.013244776597857388,0.14864560900773582,0.9069082626059424,0.9070738825464398,1409,
黄瓜,per-crop HAC,vpd,饱和水汽压差VPD,lag0-2,0.05141910588999028,0.15455798663809556,0.7393721608665283,0.011724095697222159,0.029364665229366968,0.6897026544147251,0.01082037752814502,0.02925548699478769,0.7114882556591328,-0.000903718169077139,0.14864560900773582,0.9069082626059424,0.9070738825464398,1409,
黄瓜,per-crop HAC,vpd,饱和水汽压差VPD,lag3-14,0.6459759761167048,0.3758099195893138,0.08563437262533338,0.02524367472725661,0.05559754442390598,0.6497978924856382,0.03145327068177639,0.057392506875961244,0.5836658586125979,0.006209595954519781,0.14864560900773582,0.9069082626059424,0.9070738825464398,1409,
黄瓜,per-crop HAC,soil_z,土壤水分异常,lag0-2,-0.14439966928729667,0.10595639460179751,0.17293872388771647,-0.016535773611801655,0.016348791715825945,0.3118072974055608,-0.01484543567849992,0.016093837911654647,0.3563044319614549,0.0016903379333017346,0.14864560900773582,0.9069082626059424,0.9070738825464398,1409,
黄瓜,per-crop HAC,soil_z,土壤水分异常,lag3-14,0.28853937688772646,0.16459365059440906,0.07959501236676819,0.021965538732686876,0.01999078483550102,0.27186263740735384,0.02241794327154298,0.020263916379397784,0.2685972772673534,0.0004524045388561021,0.14864560900773582,0.9069082626059424,0.9070738825464398,1409,
黄瓜,per-crop HAC,wind,风速,lag0-2,0.10765953216286005,0.09448337399903736,0.25451351873876715,0.028353892215215115,0.022300528880283346,0.20357044166112748,0.03122331184477217,0.02239710314769296,0.16329401027477686,0.002869419629557054,0.14864560900773582,0.9069082626059424,0.9070738825464398,1409,
黄瓜,per-crop HAC,wind,风速,lag3-14,-0.03333449077457375,0.23202810552358735,0.8857644216045153,-0.04643729058728182,0.03552581960432148,0.1911644922230522,-0.04008988877848725,0.0365330940555832,0.27248485698647085,0.0063474018087945686,0.14864560900773582,0.9069082626059424,0.9070738825464398,1409,
黄瓜,per-crop HAC,volume_z,成交量异常,同日,,,,,,,-0.011114707369842004,0.010138207601951898,0.2729392944975505,,0.14864560900773582,0.9069082626059424,0.9070738825464398,1409,0.8096429503926691
黄瓜,per-crop HAC,price_lag1,价格滞后(上一交易日),t-1,,,,0.9401524553167896,0.012915348450723277,0.0,0.9357064038591892,0.01457319220066747,0.0,,0.14864560900773582,0.9069082626059424,0.9070738825464398,1409,
POOLED,pooled cluster-by-date,precip_3d,3日累计降水,lag0-2,0.020903291715411887,0.030221463471922894,0.4891443399540204,0.014276576290120338,0.006075981736786028,0.018789859825379184,0.014066498556266804,0.006010928761470559,0.019275793498359582,-0.00021007773385353472,0.043536875785435414,0.9354514516471926,0.9354685255905789,14090,
POOLED,pooled cluster-by-date,precip_3d,3日累计降水,lag3-14,0.10587851677391297,0.04394639205674398,0.015984674203791373,0.011643895834943688,0.009774925812415538,0.23357491063336555,0.011529685509886867,0.009769634789963113,0.23793848488591696,-0.00011421032505682174,0.043536875785435414,0.9354514516471926,0.9354685255905789,14090,
POOLED,pooled cluster-by-date,temp_max,日最高气温,lag0-2,-0.03661365946719193,0.13437684478703943,0.7852606522302867,-0.025271182095130115,0.03183497102206234,0.42730122633289047,-0.023256508588935864,0.031041848882855223,0.4537375349041467,0.0020146735061942513,0.043536875785435414,0.9354514516471926,0.9354685255905789,14090,
POOLED,pooled cluster-by-date,temp_max,日最高气温,lag3-14,-0.04142521225369835,0.15207019714359385,0.7853079480351248,0.01377810156067857,0.039971513975720546,0.7303214098956602,0.011964850453036113,0.03961541045617498,0.7626328875345759,-0.0018132511076424575,0.043536875785435414,0.9354514516471926,0.9354685255905789,14090,
POOLED,pooled cluster-by-date,vpd,饱和水汽压差VPD,lag0-2,-0.14845538632964791,0.06396037356723311,0.02028400940744624,-0.009536612122209014,0.01350396626285462,0.48005865260790037,-0.009552120753060268,0.013494258243043598,0.47902874484847313,-1.5508630851254063e-05,0.043536875785435414,0.9354514516471926,0.9354685255905789,14090,
POOLED,pooled cluster-by-date,vpd,饱和水汽压差VPD,lag3-14,-0.12487180144708385,0.08966519431938766,0.16372711098438386,0.006474981644000198,0.02030932778906648,0.7498644392318988,0.007589235262031091,0.02022039552195418,0.7074182124387489,0.001114253618030893,0.043536875785435414,0.9354514516471926,0.9354685255905789,14090,
POOLED,pooled cluster-by-date,soil_z,土壤水分异常,lag0-2,-0.06597341038819701,0.038557341076164604,0.08707249617732364,0.00690195531094049,0.007076721995501694,0.32940948399219483,0.007334609397369225,0.007087716140146915,0.30074645784014886,0.000432654086428735,0.043536875785435414,0.9354514516471926,0.9354685255905789,14090,
POOLED,pooled cluster-by-date,soil_z,土壤水分异常,lag3-14,0.15702630573563614,0.0441665230056817,0.00037751337497438943,0.0023372472252264635,0.008040966213152029,0.771305660695714,0.002827437742652946,0.008035775195694199,0.7249460695601508,0.0004901905174264825,0.043536875785435414,0.9354514516471926,0.9354685255905789,14090,
POOLED,pooled cluster-by-date,wind,风速,lag0-2,0.17520651807819762,0.044147968386113366,7.228999835526537e-05,0.02539521533543887,0.009462724116230684,0.0072810048417327085,0.025297338578322243,0.009406747156923051,0.007160720512901399,-9.787675711662655e-05,0.043536875785435414,0.9354514516471926,0.9354685255905789,14090,
POOLED,pooled cluster-by-date,wind,风速,lag3-14,0.3016616386344832,0.059146902309600666,3.392763557876622e-07,-0.026551419296600282,0.015042765080850062,0.07755327611960516,-0.026023146400010813,0.015037511147461958,0.08353227586940702,0.0005282728965894691,0.043536875785435414,0.9354514516471926,0.9354685255905789,14090,
POOLED,pooled cluster-by-date,volume_z,成交量异常,同日,,,,,,,-0.0035208196459795013,0.00516586627150571,0.49552066433551645,,0.043536875785435414,0.9354514516471926,0.9354685255905789,14090,
POOLED,pooled cluster-by-date,price_lag1,价格滞后(上一交易日),t-1,,,,0.9651615603552199,0.0049427568585570306,0.0,0.9644276631926042,0.004581456103090186,0.0,,0.043536875785435414,0.9354514516471926,0.9354685255905789,14090,
