crop,variable,weather,n_years,years,pearson_r,spearman_r,interpretation_allowed,note
大豆,production_ton,season_precip_mm,5,"2021,2022,2023,2024,2025",-0.10789192182138221,-0.15389675281277312,False,n<8，仅探索性描述，不作统计推断
大豆,production_ton,season_temp_mean_c,5,"2021,2022,2023,2024,2025",0.8261884909391936,0.8207826816681234,False,n<8，仅探索性描述，不作统计推断
大豆,production_ton,heat_days,5,"2021,2022,2023,2024,2025",0.7844645405527361,0.7254762501100117,False,n<8，仅探索性描述，不作统计推断
大豆,production_ton,heavy_rain_days,5,"2021,2022,2023,2024,2025",0.038461538461538464,0.10526315789473685,False,n<8，仅探索性描述，不作统计推断
大豆,production_ton,soil_moisture_anomaly,5,"2021,2022,2023,2024,2025",-0.4750940032084003,-0.46169025843831935,False,n<8，仅探索性描述，不作统计推断
大豆,production_ton,max_3d_precip_mm,5,"2021,2022,2023,2024,2025",-0.22277764983857476,0.15389675281277312,False,n<8，仅探索性描述，不作统计推断
大豆,yield_kg_per_ha,season_precip_mm,5,"2021,2022,2023,2024,2025",-0.5630009666003096,-0.19999999999999998,False,n<8，仅探索性描述，不作统计推断
大豆,yield_kg_per_ha,season_temp_mean_c,5,"2021,2022,2023,2024,2025",-0.3737330069603608,-0.09999999999999999,False,n<8，仅探索性描述，不作统计推断
大豆,yield_kg_per_ha,heat_days,5,"2021,2022,2023,2024,2025",-0.0818096431208728,0.35355339059327373,False,n<8，仅探索性描述，不作统计推断
大豆,yield_kg_per_ha,heavy_rain_days,5,"2021,2022,2023,2024,2025",-0.8400451062515842,-0.8207826816681233,False,n<8，仅探索性描述，不作统计推断
大豆,yield_kg_per_ha,soil_moisture_anomaly,5,"2021,2022,2023,2024,2025",0.357672417677541,0.6,False,n<8，仅探索性描述，不作统计推断
大豆,yield_kg_per_ha,max_3d_precip_mm,5,"2021,2022,2023,2024,2025",-0.6245665373913205,-0.7,False,n<8，仅探索性描述，不作统计推断
小麦,production_ton,season_precip_mm,4,"2021,2022,2023,2024",0.07939110646867835,0.4472135954999579,False,n<8，仅探索性描述，不作统计推断
小麦,production_ton,season_temp_mean_c,4,"2021,2022,2023,2024",-0.9645979937566341,-0.8944271909999159,False,n<8，仅探索性描述，不作统计推断
小麦,production_ton,heat_days,4,"2021,2022,2023,2024",,,False,n<8，仅探索性描述，不作统计推断
小麦,production_ton,heavy_rain_days,4,"2021,2022,2023,2024",-0.447213595499958,-0.4472135954999579,False,n<8，仅探索性描述，不作统计推断
小麦,production_ton,soil_moisture_anomaly,4,"2021,2022,2023,2024",0.8583922016678944,0.8944271909999159,False,n<8，仅探索性描述，不作统计推断
小麦,production_ton,max_3d_precip_mm,4,"2021,2022,2023,2024",-0.4093651747553862,-0.4472135954999579,False,n<8，仅探索性描述，不作统计推断
小麦,yield_kg_per_ha,season_precip_mm,4,"2021,2022,2023,2024",-0.06045443260366246,-0.19999999999999998,False,n<8，仅探索性描述，不作统计推断
小麦,yield_kg_per_ha,season_temp_mean_c,4,"2021,2022,2023,2024",0.7718778202822689,0.39999999999999997,False,n<8，仅探索性描述，不作统计推断
小麦,yield_kg_per_ha,heat_days,4,"2021,2022,2023,2024",,,False,n<8，仅探索性描述，不作统计推断
小麦,yield_kg_per_ha,heavy_rain_days,4,"2021,2022,2023,2024",0.29627608818371903,0.19999999999999998,False,n<8，仅探索性描述，不作统计推断
小麦,yield_kg_per_ha,soil_moisture_anomaly,4,"2021,2022,2023,2024",-0.45021216421945554,-0.39999999999999997,False,n<8，仅探索性描述，不作统计推断
小麦,yield_kg_per_ha,max_3d_precip_mm,4,"2021,2022,2023,2024",0.54166804620622,0.19999999999999998,False,n<8，仅探索性描述，不作统计推断
水稻,production_ton,season_precip_mm,5,"2021,2022,2023,2024,2025",-0.1606540583468511,-0.19999999999999998,False,n<8，仅探索性描述，不作统计推断
水稻,production_ton,season_temp_mean_c,5,"2021,2022,2023,2024,2025",-0.8660946344507794,-0.6,False,n<8，仅探索性描述，不作统计推断
水稻,production_ton,heat_days,5,"2021,2022,2023,2024,2025",-0.5043114359051958,-0.35355339059327373,False,n<8，仅探索性描述，不作统计推断
水稻,production_ton,heavy_rain_days,5,"2021,2022,2023,2024,2025",-0.49653648959318153,-0.6668859288553501,False,n<8，仅探索性描述，不作统计推断
水稻,production_ton,soil_moisture_anomaly,5,"2021,2022,2023,2024,2025",0.5570722971998421,0.6,False,n<8，仅探索性描述，不作统计推断
水稻,production_ton,max_3d_precip_mm,5,"2021,2022,2023,2024,2025",-0.4173729149658537,-0.7,False,n<8，仅探索性描述，不作统计推断
水稻,yield_kg_per_ha,season_precip_mm,5,"2021,2022,2023,2024,2025",-0.33640446304808996,-0.19999999999999998,False,n<8，仅探索性描述，不作统计推断
水稻,yield_kg_per_ha,season_temp_mean_c,5,"2021,2022,2023,2024,2025",-0.8014286839410398,-0.6,False,n<8，仅探索性描述，不作统计推断
水稻,yield_kg_per_ha,heat_days,5,"2021,2022,2023,2024,2025",-0.5626971621562471,-0.35355339059327373,False,n<8，仅探索性描述，不作统计推断
水稻,yield_kg_per_ha,heavy_rain_days,5,"2021,2022,2023,2024,2025",-0.5642710017115515,-0.6668859288553501,False,n<8，仅探索性描述，不作统计推断
水稻,yield_kg_per_ha,soil_moisture_anomaly,5,"2021,2022,2023,2024,2025",0.3158114465001592,0.6,False,n<8，仅探索性描述，不作统计推断
水稻,yield_kg_per_ha,max_3d_precip_mm,5,"2021,2022,2023,2024,2025",-0.5206676276623631,-0.7,False,n<8，仅探索性描述，不作统计推断
油料,production_ton,season_precip_mm,5,"2021,2022,2023,2024,2025",-0.11326255687252532,-0.3,False,n<8，仅探索性描述，不作统计推断
油料,production_ton,season_temp_mean_c,5,"2021,2022,2023,2024,2025",0.7479933728058986,0.6,False,n<8，仅探索性描述，不作统计推断
油料,production_ton,heat_days,5,"2021,2022,2023,2024,2025",0.18459902634978145,0.0,False,n<8，仅探索性描述，不作统计推断
油料,production_ton,heavy_rain_days,5,"2021,2022,2023,2024,2025",0.37630607901611296,0.41039134083406165,False,n<8，仅探索性描述，不作统计推断
油料,production_ton,soil_moisture_anomaly,5,"2021,2022,2023,2024,2025",-0.8696684358270615,-0.8999999999999998,False,n<8，仅探索性描述，不作统计推断
油料,production_ton,max_3d_precip_mm,5,"2021,2022,2023,2024,2025",0.2778924205858924,0.3,False,n<8，仅探索性描述，不作统计推断
玉米,production_ton,season_precip_mm,5,"2021,2022,2023,2024,2025",-0.6676032600941558,-0.7,False,n<8，仅探索性描述，不作统计推断
玉米,production_ton,season_temp_mean_c,5,"2021,2022,2023,2024,2025",0.8857068047320648,0.8999999999999998,False,n<8，仅探索性描述，不作统计推断
玉米,production_ton,heat_days,5,"2021,2022,2023,2024,2025",0.5874496787240654,0.7071067811865475,False,n<8，仅探索性描述，不作统计推断
玉米,production_ton,heavy_rain_days,5,"2021,2022,2023,2024,2025",-0.3785819966232042,-0.5642880936468347,False,n<8，仅探索性描述，不作统计推断
玉米,production_ton,soil_moisture_anomaly,5,"2021,2022,2023,2024,2025",-0.7302056266148591,-0.49999999999999994,False,n<8，仅探索性描述，不作统计推断
玉米,production_ton,max_3d_precip_mm,5,"2021,2022,2023,2024,2025",-0.36918875008647073,-0.49999999999999994,False,n<8，仅探索性描述，不作统计推断
玉米,yield_kg_per_ha,season_precip_mm,5,"2021,2022,2023,2024,2025",-0.8914278009381443,-0.6,False,n<8，仅探索性描述，不作统计推断
玉米,yield_kg_per_ha,season_temp_mean_c,5,"2021,2022,2023,2024,2025",0.6077150875970392,0.7,False,n<8，仅探索性描述，不作统计推断
玉米,yield_kg_per_ha,heat_days,5,"2021,2022,2023,2024,2025",0.40758836257968784,0.7071067811865475,False,n<8，仅探索性描述，不作统计推断
玉米,yield_kg_per_ha,heavy_rain_days,5,"2021,2022,2023,2024,2025",-0.7087180905118378,-0.7181848464596079,False,n<8，仅探索性描述，不作统计推断
玉米,yield_kg_per_ha,soil_moisture_anomaly,5,"2021,2022,2023,2024,2025",-0.5763969062491853,-0.19999999999999998,False,n<8，仅探索性描述，不作统计推断
玉米,yield_kg_per_ha,max_3d_precip_mm,5,"2021,2022,2023,2024,2025",-0.6069225753838405,-0.6,False,n<8，仅探索性描述，不作统计推断
粮食,production_ton,season_precip_mm,5,"2021,2022,2023,2024,2025",-0.9246996043431496,-0.7,False,n<8，仅探索性描述，不作统计推断
粮食,production_ton,season_temp_mean_c,5,"2021,2022,2023,2024,2025",0.5652948634422401,0.8999999999999998,False,n<8，仅探索性描述，不作统计推断
粮食,production_ton,heat_days,5,"2021,2022,2023,2024,2025",0.4245333293261246,0.7071067811865475,False,n<8，仅探索性描述，不作统计推断
粮食,production_ton,heavy_rain_days,5,"2021,2022,2023,2024,2025",-0.7787862581844335,-0.5642880936468347,False,n<8，仅探索性描述，不作统计推断
粮食,production_ton,soil_moisture_anomaly,5,"2021,2022,2023,2024,2025",-0.5515300992609105,-0.49999999999999994,False,n<8，仅探索性描述，不作统计推断
粮食,production_ton,max_3d_precip_mm,5,"2021,2022,2023,2024,2025",-0.7144609830400164,-0.49999999999999994,False,n<8，仅探索性描述，不作统计推断
粮食,yield_kg_per_ha,season_precip_mm,5,"2021,2022,2023,2024,2025",-0.9597314152479561,-0.8999999999999998,False,n<8，仅探索性描述，不作统计推断
粮食,yield_kg_per_ha,season_temp_mean_c,5,"2021,2022,2023,2024,2025",0.43513120863916693,0.3,False,n<8，仅探索性描述，不作统计推断
粮食,yield_kg_per_ha,heat_days,5,"2021,2022,2023,2024,2025",0.30464058198432853,0.0,False,n<8，仅探索性描述，不作统计推断
粮食,yield_kg_per_ha,heavy_rain_days,5,"2021,2022,2023,2024,2025",-0.8371222109797319,-0.8720815992723809,False,n<8，仅探索性描述，不作统计推断
粮食,yield_kg_per_ha,soil_moisture_anomaly,5,"2021,2022,2023,2024,2025",-0.49712291018588184,-0.3,False,n<8，仅探索性描述，不作统计推断
粮食,yield_kg_per_ha,max_3d_precip_mm,5,"2021,2022,2023,2024,2025",-0.7367268546533208,-0.8999999999999998,False,n<8，仅探索性描述，不作统计推断
花生,production_ton,season_precip_mm,4,"2021,2022,2023,2024",-0.04971736350275938,-0.39999999999999997,False,n<8，仅探索性描述，不作统计推断
花生,production_ton,season_temp_mean_c,4,"2021,2022,2023,2024",0.9464355693897157,0.7999999999999999,False,n<8，仅探索性描述，不作统计推断
花生,production_ton,heat_days,4,"2021,2022,2023,2024",,,False,n<8，仅探索性描述，不作统计推断
花生,production_ton,heavy_rain_days,4,"2021,2022,2023,2024",0.4727803248951906,0.39999999999999997,False,n<8，仅探索性描述，不作统计推断
花生,production_ton,soil_moisture_anomaly,4,"2021,2022,2023,2024",-0.8536649773864435,-0.7999999999999999,False,n<8，仅探索性描述，不作统计推断
花生,production_ton,max_3d_precip_mm,4,"2021,2022,2023,2024",0.41058188910839305,0.39999999999999997,False,n<8，仅探索性描述，不作统计推断
花生,yield_kg_per_ha,season_precip_mm,4,"2021,2022,2023,2024",-0.24499148095842863,-0.39999999999999997,False,n<8，仅探索性描述，不作统计推断
花生,yield_kg_per_ha,season_temp_mean_c,4,"2021,2022,2023,2024",0.8009172230746066,0.7999999999999999,False,n<8，仅探索性描述，不作统计推断
花生,yield_kg_per_ha,heat_days,4,"2021,2022,2023,2024",,,False,n<8，仅探索性描述，不作统计推断
花生,yield_kg_per_ha,heavy_rain_days,4,"2021,2022,2023,2024",0.2308842559220767,0.39999999999999997,False,n<8，仅探索性描述，不作统计推断
花生,yield_kg_per_ha,soil_moisture_anomaly,4,"2021,2022,2023,2024",-0.9153217016323758,-0.7999999999999999,False,n<8，仅探索性描述，不作统计推断
花生,yield_kg_per_ha,max_3d_precip_mm,4,"2021,2022,2023,2024",0.03662952727998544,0.39999999999999997,False,n<8，仅探索性描述，不作统计推断
薯类,production_ton,season_precip_mm,4,"2021,2022,2023,2024",-0.2964571589986874,0.21081851067789195,False,n<8，仅探索性描述，不作统计推断
薯类,production_ton,season_temp_mean_c,4,"2021,2022,2023,2024",-0.6897846453580729,-0.7378647873726218,False,n<8，仅探索性描述，不作统计推断
薯类,production_ton,heat_days,4,"2021,2022,2023,2024",,,False,n<8，仅探索性描述，不作统计推断
薯类,production_ton,heavy_rain_days,4,"2021,2022,2023,2024",-0.7102658741205989,-0.632455532033676,False,n<8，仅探索性描述，不作统计推断
薯类,production_ton,soil_moisture_anomaly,4,"2021,2022,2023,2024",0.6275473567226472,0.7378647873726218,False,n<8，仅探索性描述，不作统计推断
薯类,production_ton,max_3d_precip_mm,4,"2021,2022,2023,2024",-0.5207284654055632,-0.632455532033676,False,n<8，仅探索性描述，不作统计推断
薯类,yield_kg_per_ha,season_precip_mm,4,"2021,2022,2023,2024",0.37041115121983603,-0.39999999999999997,False,n<8，仅探索性描述，不作统计推断
薯类,yield_kg_per_ha,season_temp_mean_c,4,"2021,2022,2023,2024",0.7275486618225819,0.7999999999999999,False,n<8，仅探索性描述，不作统计推断
薯类,yield_kg_per_ha,heat_days,4,"2021,2022,2023,2024",,,False,n<8，仅探索性描述，不作统计推断
薯类,yield_kg_per_ha,heavy_rain_days,4,"2021,2022,2023,2024",0.7328449327907565,0.39999999999999997,False,n<8，仅探索性描述，不作统计推断
薯类,yield_kg_per_ha,soil_moisture_anomaly,4,"2021,2022,2023,2024",-0.37222138517898606,-0.7999999999999999,False,n<8，仅探索性描述，不作统计推断
薯类,yield_kg_per_ha,max_3d_precip_mm,4,"2021,2022,2023,2024",0.8479779848726119,0.39999999999999997,False,n<8，仅探索性描述，不作统计推断
谷子,production_ton,season_precip_mm,4,"2021,2022,2023,2024",-0.996839819665074,-0.8944271909999159,False,n<8，仅探索性描述，不作统计推断
谷子,production_ton,season_temp_mean_c,4,"2021,2022,2023,2024",0.21250599464313122,0.4472135954999579,False,n<8，仅探索性描述，不作统计推断
谷子,production_ton,heat_days,4,"2021,2022,2023,2024",,,False,n<8，仅探索性描述，不作统计推断
谷子,production_ton,heavy_rain_days,4,"2021,2022,2023,2024",-0.894427190999916,-0.8944271909999159,False,n<8，仅探索性描述，不作统计推断
谷子,production_ton,soil_moisture_anomaly,4,"2021,2022,2023,2024",-0.4776926052932547,-0.4472135954999579,False,n<8，仅探索性描述，不作统计推断
谷子,production_ton,max_3d_precip_mm,4,"2021,2022,2023,2024",-0.8344751639244411,-0.8944271909999159,False,n<8，仅探索性描述，不作统计推断
谷子,yield_kg_per_ha,season_precip_mm,4,"2021,2022,2023,2024",-0.7732865584592806,-0.7999999999999999,False,n<8，仅探索性描述，不作统计推断
谷子,yield_kg_per_ha,season_temp_mean_c,4,"2021,2022,2023,2024",0.6536475158992815,0.39999999999999997,False,n<8，仅探索性描述，不作统计推断
谷子,yield_kg_per_ha,heat_days,4,"2021,2022,2023,2024",,,False,n<8，仅探索性描述，不作统计推断
谷子,yield_kg_per_ha,heavy_rain_days,4,"2021,2022,2023,2024",-0.4716174213236383,-0.7999999999999999,False,n<8，仅探索性描述，不作统计推断
谷子,yield_kg_per_ha,soil_moisture_anomaly,4,"2021,2022,2023,2024",-0.6290412187117592,-0.39999999999999997,False,n<8，仅探索性描述，不作统计推断
谷子,yield_kg_per_ha,max_3d_precip_mm,4,"2021,2022,2023,2024",-0.25442931247189987,-0.7999999999999999,False,n<8，仅探索性描述，不作统计推断
高粱,production_ton,season_precip_mm,4,"2021,2022,2023,2024",-0.5166064694151332,-0.39999999999999997,False,n<8，仅探索性描述，不作统计推断
高粱,production_ton,season_temp_mean_c,4,"2021,2022,2023,2024",0.40280246168710476,0.19999999999999998,False,n<8，仅探索性描述，不作统计推断
高粱,production_ton,heat_days,4,"2021,2022,2023,2024",,,False,n<8，仅探索性描述，不作统计推断
高粱,production_ton,heavy_rain_days,4,"2021,2022,2023,2024",-0.3779644730092272,-0.39999999999999997,False,n<8，仅探索性描述，不作统计推断
高粱,production_ton,soil_moisture_anomaly,4,"2021,2022,2023,2024",-0.2292771396857722,-0.19999999999999998,False,n<8，仅探索性描述，不作统计推断
高粱,production_ton,max_3d_precip_mm,4,"2021,2022,2023,2024",-0.04220155585629025,-0.39999999999999997,False,n<8，仅探索性描述，不作统计推断
高粱,yield_kg_per_ha,season_precip_mm,4,"2021,2022,2023,2024",0.1597437907897901,-0.39999999999999997,False,n<8，仅探索性描述，不作统计推断
高粱,yield_kg_per_ha,season_temp_mean_c,4,"2021,2022,2023,2024",0.8934772447282407,0.7999999999999999,False,n<8，仅探索性描述，不作统计推断
高粱,yield_kg_per_ha,heat_days,4,"2021,2022,2023,2024",,,False,n<8，仅探索性描述，不作统计推断
高粱,yield_kg_per_ha,heavy_rain_days,4,"2021,2022,2023,2024",0.6269949083232382,0.39999999999999997,False,n<8，仅探索性描述，不作统计推断
高粱,yield_kg_per_ha,soil_moisture_anomaly,4,"2021,2022,2023,2024",-0.6397610129906858,-0.7999999999999999,False,n<8，仅探索性描述，不作统计推断
高粱,yield_kg_per_ha,max_3d_precip_mm,4,"2021,2022,2023,2024",0.6770067693721034,0.39999999999999997,False,n<8，仅探索性描述，不作统计推断
