crop,variable,month,seasonal_index,n
土豆,price,1,0.9882791512168584,123
土豆,price,2,1.0727671427938958,105
土豆,price,3,1.0690533290478899,132
土豆,price,4,1.0790520583640608,123
土豆,price,5,1.152942281959238,119
土豆,price,6,1.0387758299289842,122
土豆,price,7,0.8869766760742088,130
土豆,price,8,0.9082421648277279,130
土豆,price,9,0.9324126446115316,115
土豆,price,10,0.9092463881077413,97
土豆,price,11,0.9795975160307812,105
土豆,price,12,0.9758839147900915,109
土豆,volume,1,0.9656608653275208,123
土豆,volume,2,0.9087274012849113,105
土豆,volume,3,0.931177333071785,132
土豆,volume,4,0.9627261506861493,123
土豆,volume,5,1.0041867751013656,119
土豆,volume,6,1.0347240250299323,122
土豆,volume,7,1.0432426805904478,130
土豆,volume,8,1.0387999741179712,130
土豆,volume,9,1.0420147275592353,115
土豆,volume,10,1.045093808287313,97
土豆,volume,11,1.0031525436126247,105
土豆,volume,12,1.02329999426249,109
尖椒,price,1,1.5932945947324408,123
尖椒,price,2,1.6321749168832063,105
尖椒,price,3,1.2829483382200118,132
尖椒,price,4,1.0468737243182125,123
尖椒,price,5,0.755154630966826,119
尖椒,price,6,0.6345531724682413,122
尖椒,price,7,0.6872899726953037,130
尖椒,price,8,0.7063198761594506,130
尖椒,price,9,0.8276295740534196,115
尖椒,price,10,0.8533050913751049,97
尖椒,price,11,0.9630401455722345,105
尖椒,price,12,1.0735446898814909,109
尖椒,volume,1,0.9916581668712792,123
尖椒,volume,2,0.980853243689463,105
尖椒,volume,3,0.9937443104517861,132
尖椒,volume,4,0.996404305317107,123
尖椒,volume,5,0.9877081034118271,119
尖椒,volume,6,0.9990209059061758,122
尖椒,volume,7,0.990980564336244,130
尖椒,volume,8,1.0081076255668877,130
尖椒,volume,9,1.039627181789416,115
尖椒,volume,10,1.0227497773250613,97
尖椒,volume,11,0.9997564350994175,105
尖椒,volume,12,0.9932744664961335,109
甘蓝,price,1,1.2455917046488447,123
甘蓝,price,2,1.3893464226790715,105
甘蓝,price,3,1.1086720027283992,132
甘蓝,price,4,0.9443958274788434,123
甘蓝,price,5,0.7813826481487013,119
甘蓝,price,6,0.6107315756000284,122
甘蓝,price,7,0.6585374330748219,130
甘蓝,price,8,0.9152252114195801,130
甘蓝,price,9,1.0208368120882976,115
甘蓝,price,10,1.0608027436641798,97
甘蓝,price,11,1.2305823604831634,105
甘蓝,price,12,1.1634612503978,109
甘蓝,volume,1,1.0586211885832129,123
甘蓝,volume,2,0.9725364693465842,105
甘蓝,volume,3,1.0086889735551543,132
甘蓝,volume,4,1.0355475556912384,123
甘蓝,volume,5,1.0268705534325222,119
甘蓝,volume,6,1.0280379156950836,122
甘蓝,volume,7,0.9880514818112743,130
甘蓝,volume,8,0.9380917643117852,130
甘蓝,volume,9,0.9567883317462963,115
甘蓝,volume,10,0.9986593082901333,97
甘蓝,volume,11,1.0035730531482812,105
甘蓝,volume,12,0.9803793161354695,109
芸豆,price,1,1.1469838914008754,123
芸豆,price,2,1.2646235903948084,105
芸豆,price,3,1.2946712185103744,132
芸豆,price,4,1.1462988817325488,123
芸豆,price,5,0.8805278878129146,119
芸豆,price,6,0.7898131125354158,122
芸豆,price,7,0.7924285836211713,130
芸豆,price,8,0.8329451253320287,130
芸豆,price,9,0.9629165613677884,115
芸豆,price,10,0.9152912523521393,97
芸豆,price,11,0.9777838584992529,105
芸豆,price,12,1.0056842142102407,109
芸豆,volume,1,1.0490815284835422,123
芸豆,volume,2,0.985322801813907,105
芸豆,volume,3,0.9997298290564957,132
芸豆,volume,4,1.0023151432207713,123
芸豆,volume,5,0.9948929952322093,119
芸豆,volume,6,0.9674920431506835,122
芸豆,volume,7,0.9703896920165461,130
芸豆,volume,8,0.9717990206564728,130
芸豆,volume,9,0.9963888443610762,115
芸豆,volume,10,1.0186808902152658,97
芸豆,volume,11,1.018075914339577,105
芸豆,volume,12,1.0371505958888347,109
芹菜,price,1,1.137442476810138,123
芹菜,price,2,1.1665567387670406,105
芹菜,price,3,1.0349583966159561,132
芹菜,price,4,0.8951148425927105,123
芹菜,price,5,0.8925282903781644,119
芹菜,price,6,0.8212556643061464,122
芹菜,price,7,0.847001442633952,130
芹菜,price,8,0.9854028738620134,130
芹菜,price,9,1.0692051171280939,115
芹菜,price,10,1.099461976738783,97
芹菜,price,11,1.115039873847228,105
芹菜,price,12,1.0054153952057383,109
芹菜,volume,1,1.0021725612186738,123
芹菜,volume,2,0.9690509091706696,105
芹菜,volume,3,0.99898368010032,132
芹菜,volume,4,1.0049820819212987,123
芹菜,volume,5,0.9920434266439853,119
芹菜,volume,6,1.008970815628569,122
芹菜,volume,7,0.9910539783837609,130
芹菜,volume,8,0.9885442882049884,130
芹菜,volume,9,1.0059564323235388,115
芹菜,volume,10,1.004964192311003,97
芹菜,volume,11,1.0250005071629429,105
芹菜,volume,12,1.0111636339475274,109
茄子,price,1,1.41176314412757,123
茄子,price,2,1.3502750893781723,105
茄子,price,3,1.2813409964024747,132
茄子,price,4,1.0923074708380707,123
茄子,price,5,0.8454800737246485,119
茄子,price,6,0.6561571775563368,122
茄子,price,7,0.6408095998407966,130
茄子,price,8,0.7628229369403512,130
茄子,price,9,0.7094436644380013,115
茄子,price,10,0.8590224849584778,97
茄子,price,11,1.1277366937472897,105
茄子,price,12,1.3268287058525536,109
茄子,volume,1,0.9593985899038264,123
茄子,volume,2,0.9782325816922393,105
茄子,volume,3,1.0059930137866737,132
茄子,volume,4,1.013966422418478,123
茄子,volume,5,1.0004268456678749,119
茄子,volume,6,1.0006521863481694,122
茄子,volume,7,0.9981715824603183,130
茄子,volume,8,1.0042275030891032,130
茄子,volume,9,1.0342148634144808,115
茄子,volume,10,1.0156107458420132,97
茄子,volume,11,0.9941126544249397,105
茄子,volume,12,0.9953906581880058,109
西红柿,price,1,1.2675132281805106,123
西红柿,price,2,1.3153996793155307,105
西红柿,price,3,1.2090687340233495,132
西红柿,price,4,1.058376444839183,123
西红柿,price,5,0.8803827281152731,119
西红柿,price,6,0.7294042191579836,122
西红柿,price,7,0.672112482538903,130
西红柿,price,8,0.7715684269643005,130
西红柿,price,9,0.8568061562537191,115
西红柿,price,10,1.0402290322391863,97
西红柿,price,11,1.0997325488313163,105
西红柿,price,12,1.1914065289659626,109
西红柿,volume,1,1.0070437459954704,123
西红柿,volume,2,0.9371752643138979,105
西红柿,volume,3,0.9809915654809902,132
西红柿,volume,4,1.0197688724344927,123
西红柿,volume,5,1.008172202244555,119
西红柿,volume,6,1.0150895942997116,122
西红柿,volume,7,1.0009780228110907,130
西红柿,volume,8,0.9938715291228369,130
西红柿,volume,9,0.9970966464524326,115
西红柿,volume,10,1.0211586000139115,97
西红柿,volume,11,0.9935293956867108,105
西红柿,volume,12,1.0240808176431508,109
青椒,price,1,1.6171652586471863,123
青椒,price,2,1.6967839244879097,105
青椒,price,3,1.3297312270272426,132
青椒,price,4,1.0282102310148777,123
青椒,price,5,0.7334769260207369,119
青椒,price,6,0.6180747814726102,122
青椒,price,7,0.6665585035312084,130
青椒,price,8,0.7089341252821036,130
青椒,price,9,0.8048637774237973,115
青椒,price,10,0.7994385649171544,97
青椒,price,11,0.9492385539823872,105
青椒,price,12,1.0977443860736866,109
青椒,volume,1,1.0047476465904184,123
青椒,volume,2,0.9529495952734556,105
青椒,volume,3,0.9842104179204891,132
青椒,volume,4,0.9832791730389174,123
青椒,volume,5,0.9855507536415025,119
青椒,volume,6,0.988895110770352,122
青椒,volume,7,0.9932365316361088,130
青椒,volume,8,1.0080340632509182,130
青椒,volume,9,1.0305710386430869,115
青椒,volume,10,1.0204200368546255,97
青椒,volume,11,1.0320465750173504,105
青椒,volume,12,1.0233485742024178,109
韭菜,price,1,1.376515635967231,123
韭菜,price,2,1.2756638047857471,105
韭菜,price,3,1.0062173734529887,132
韭菜,price,4,0.7950899058524281,123
韭菜,price,5,0.5903551893138997,119
韭菜,price,6,0.6060352561421323,122
韭菜,price,7,0.7629188513404597,130
韭菜,price,8,0.9392550964783941,130
韭菜,price,9,0.9008067191589368,115
韭菜,price,10,1.0733924044829604,97
韭菜,price,11,1.3567555091398134,105
韭菜,price,12,1.4723374235406743,109
韭菜,volume,1,1.0406856431970248,123
韭菜,volume,2,1.0155937195451268,105
韭菜,volume,3,1.0282077432017072,132
韭菜,volume,4,1.025941572691282,123
韭菜,volume,5,0.9866709108642802,119
韭菜,volume,6,0.9839435929593916,122
韭菜,volume,7,0.9255393963183478,130
韭菜,volume,8,0.9462804212055052,130
韭菜,volume,9,0.9696371397883865,115
韭菜,volume,10,1.031640625585023,97
韭菜,volume,11,1.022900945696874,105
韭菜,volume,12,1.042849043332983,109
黄瓜,price,1,1.3703899453466937,123
黄瓜,price,2,1.3995407020084085,105
黄瓜,price,3,1.1213668284827252,132
黄瓜,price,4,0.7827302739560728,123
黄瓜,price,5,0.6008915784542662,119
黄瓜,price,6,0.5510084090997056,122
黄瓜,price,7,0.7610363140220734,130
黄瓜,price,8,0.9659583082221018,130
黄瓜,price,9,0.8344154243574765,115
黄瓜,price,10,1.078921425529537,97
黄瓜,price,11,1.305680643962423,105
黄瓜,price,12,1.3692291158134269,109
黄瓜,volume,1,0.9901285556467723,123
黄瓜,volume,2,0.9486336732745989,105
黄瓜,volume,3,0.9963849814367178,132
黄瓜,volume,4,1.0041031046278335,123
黄瓜,volume,5,1.0086376269194344,119
黄瓜,volume,6,1.0235406921775898,122
黄瓜,volume,7,0.9869225937760734,130
黄瓜,volume,8,1.0026208007636237,130
黄瓜,volume,9,1.0230840495902025,115
黄瓜,volume,10,1.0383494264249662,97
黄瓜,volume,11,0.9863037034418909,105
黄瓜,volume,12,0.9917726630826698,109
